Header,HeelStrike,ToeOff
29.8,57.1428571428571,1.33587786259542
29.805,57.7142857142857,1.52671755725191
29.81,58.2857142857143,1.7175572519084
29.815,58.8571428571429,1.90839694656489
29.82,59.4285714285714,2.09923664122137
29.825,60,2.29007633587786
29.83,60.5714285714286,2.48091603053435
29.835,61.1428571428571,2.67175572519084
29.84,61.7142857142857,2.86259541984733
29.845,62.2857142857143,3.05343511450382
29.85,62.8571428571429,3.24427480916031
29.855,63.4285714285714,3.43511450381679
29.86,64,3.62595419847328
29.865,64.5714285714286,3.81679389312977
29.87,65.1428571428571,4.00763358778626
29.875,65.7142857142857,4.19847328244275
29.88,66.2857142857143,4.38931297709924
29.885,66.8571428571429,4.58015267175572
29.89,67.4285714285714,4.77099236641221
29.895,68,4.9618320610687
29.9,68.5714285714286,5.15267175572519
29.905,69.1428571428571,5.34351145038168
29.91,69.7142857142857,5.53435114503817
29.915,70.2857142857143,5.72519083969466
29.92,70.8571428571429,5.91603053435114
29.925,71.4285714285714,6.10687022900763
29.93,72,6.29770992366412
29.935,72.5714285714286,6.48854961832061
29.94,73.1428571428571,6.6793893129771
29.945,73.7142857142857,6.87022900763359
29.95,74.2857142857143,7.06106870229008
29.955,74.8571428571429,7.25190839694656
29.96,75.4285714285714,7.44274809160305
29.965,76,7.63358778625954
29.97,76.5714285714286,7.82442748091603
29.975,77.1428571428571,8.01526717557252
29.98,77.7142857142857,8.20610687022901
29.985,78.2857142857143,8.3969465648855
29.99,78.8571428571429,8.58778625954199
29.995,79.4285714285714,8.77862595419847
30,80,8.96946564885496
30.005,80.5714285714286,9.16030534351145
30.01,81.1428571428571,9.35114503816794
30.015,81.7142857142857,9.54198473282443
30.02,82.2857142857143,9.73282442748092
30.025,82.8571428571429,9.9236641221374
30.03,83.4285714285714,10.1145038167939
30.035,84,10.3053435114504
30.04,84.5714285714286,10.4961832061069
30.045,85.1428571428571,10.6870229007634
30.05,85.7142857142857,10.8778625954198
30.055,86.2857142857143,11.0687022900763
30.06,86.8571428571429,11.2595419847328
30.065,87.4285714285714,11.4503816793893
30.07,88,11.6412213740458
30.075,88.5714285714286,11.8320610687023
30.08,89.1428571428571,12.0229007633588
30.085,89.7142857142857,12.2137404580153
30.09,90.2857142857143,12.4045801526718
30.095,90.8571428571429,12.5954198473282
30.1,91.4285714285714,12.7862595419847
30.105,92,12.9770992366412
30.11,92.5714285714286,13.1679389312977
30.115,93.1428571428571,13.3587786259542
30.12,93.7142857142857,13.5496183206107
30.125,94.2857142857143,13.7404580152672
30.13,94.8571428571429,13.9312977099237
30.135,95.4285714285714,14.1221374045802
30.14,96,14.3129770992366
30.145,96.5714285714286,14.5038167938931
30.15,97.1428571428571,14.6946564885496
30.155,97.7142857142857,14.8854961832061
30.16,98.2857142857143,15.0763358778626
30.165,98.8571428571429,15.2671755725191
30.17,99.4285714285714,15.4580152671756
30.175,100,15.6488549618321
30.18,0,15.8396946564886
30.185,0.625,16.030534351145
30.19,1.25,16.2213740458015
30.195,1.875,16.412213740458
30.2,2.5,16.6030534351145
30.205,3.125,16.793893129771
30.21,3.75,16.9847328244275
30.215,4.375,17.175572519084
30.22,5,17.3664122137405
30.225,5.625,17.5572519083969
30.23,6.25,17.7480916030534
30.235,6.875,17.9389312977099
30.24,7.5,18.1297709923664
30.245,8.125,18.3206106870229
30.25,8.75,18.5114503816794
30.255,9.375,18.7022900763359
30.26,10,18.8931297709924
30.265,10.625,19.0839694656489
30.27,11.25,19.2748091603053
30.275,11.875,19.4656488549618
30.28,12.5,19.6564885496183
30.285,13.125,19.8473282442748
30.29,13.75,20.0381679389313
30.295,14.375,20.2290076335878
30.3,15,20.4198473282443
30.305,15.625,20.6106870229008
30.31,16.25,20.8015267175573
30.315,16.875,20.9923664122137
30.32,17.5,21.1832061068702
30.325,18.125,21.3740458015267
30.33,18.75,21.5648854961832
30.335,19.375,21.7557251908397
30.34,20,21.9465648854962
30.345,20.625,22.1374045801527
30.35,21.25,22.3282442748092
30.355,21.875,22.5190839694656
30.36,22.5,22.7099236641221
30.365,23.125,22.9007633587786
30.37,23.75,23.0916030534351
30.375,24.375,23.2824427480916
30.38,25,23.4732824427481
30.385,25.625,23.6641221374046
30.39,26.25,23.8549618320611
30.395,26.875,24.0458015267176
30.4,27.5,24.236641221374
30.405,28.125,24.4274809160305
30.41,28.75,24.618320610687
30.415,29.375,24.8091603053435
30.42,30,25
30.425,30.625,25.1908396946565
30.43,31.25,25.381679389313
30.435,31.875,25.5725190839695
30.44,32.5,25.763358778626
30.445,33.125,25.9541984732824
30.45,33.75,26.1450381679389
30.455,34.375,26.3358778625954
30.46,35,26.5267175572519
30.465,35.625,26.7175572519084
30.47,36.25,26.9083969465649
30.475,36.875,27.0992366412214
30.48,37.5,27.2900763358779
30.485,38.125,27.4809160305344
30.49,38.75,27.6717557251908
30.495,39.375,27.8625954198473
30.5,40,28.0534351145038
30.505,40.625,28.2442748091603
30.51,41.25,28.4351145038168
30.515,41.875,28.6259541984733
30.52,42.5,28.8167938931298
30.525,43.125,29.0076335877863
30.53,43.75,29.1984732824427
30.535,44.375,29.3893129770992
30.54,45,29.5801526717557
30.545,45.625,29.7709923664122
30.55,46.25,29.9618320610687
30.555,46.875,30.1526717557252
30.56,47.5,30.3435114503817
30.565,48.125,30.5343511450382
30.57,48.75,30.7251908396947
30.575,49.375,30.9160305343511
30.58,50,31.1068702290076
30.585,50.625,31.2977099236641
30.59,51.25,31.4885496183206
30.595,51.875,31.6793893129771
30.6,52.5,31.8702290076336
30.605,53.125,32.0610687022901
30.61,53.75,32.2519083969466
30.615,54.375,32.4427480916031
30.62,55,32.6335877862595
30.625,55.625,32.824427480916
30.63,56.25,33.0152671755725
30.635,56.875,33.206106870229
30.64,57.5,33.3969465648855
30.645,58.125,33.587786259542
30.65,58.75,33.7786259541985
30.655,59.375,33.969465648855
30.66,60,34.1603053435115
30.665,60.625,34.3511450381679
30.67,61.25,34.5419847328244
30.675,61.875,34.7328244274809
30.68,62.5,34.9236641221374
30.685,63.125,35.1145038167939
30.69,63.75,35.3053435114504
30.695,64.375,35.4961832061069
30.7,65,35.6870229007634
30.705,65.625,35.8778625954198
30.71,66.25,36.0687022900763
30.715,66.875,36.2595419847328
30.72,67.5,36.4503816793893
30.725,68.125,36.6412213740458
30.73,68.75,36.8320610687023
30.735,69.375,37.0229007633588
30.74,70,37.2137404580153
30.745,70.625,37.4045801526718
30.75,71.25,37.5954198473282
30.755,71.875,37.7862595419847
30.76,72.5,37.9770992366412
30.765,73.125,38.1679389312977
30.77,73.75,38.3587786259542
30.775,74.375,38.5496183206107
30.78,75,38.7404580152672
30.785,75.625,38.9312977099237
30.79,76.25,39.1221374045802
30.795,76.875,39.3129770992366
30.8,77.5,39.5038167938931
30.805,78.125,39.6946564885496
30.81,78.75,39.8854961832061
30.815,79.375,40.0763358778626
30.82,80,40.2671755725191
30.825,80.625,40.4580152671756
30.83,81.25,40.6488549618321
30.835,81.875,40.8396946564885
30.84,82.5,41.030534351145
30.845,83.125,41.2213740458015
30.85,83.75,41.412213740458
30.855,84.375,41.6030534351145
30.86,85,41.793893129771
30.865,85.625,41.9847328244275
30.87,86.25,42.175572519084
30.875,86.875,42.3664122137405
30.88,87.5,42.5572519083969
30.885,88.125,42.7480916030534
30.89,88.75,42.9389312977099
30.895,89.375,43.1297709923664
30.9,90,43.3206106870229
30.905,90.625,43.5114503816794
30.91,91.25,43.7022900763359
30.915,91.875,43.8931297709924
30.92,92.5,44.0839694656489
30.925,93.125,44.2748091603053
30.93,93.75,44.4656488549618
30.935,94.375,44.6564885496183
30.94,95,44.8473282442748
30.945,95.625,45.0381679389313
30.95,96.25,45.2290076335878
30.955,96.875,45.4198473282443
30.96,97.5,45.6106870229008
30.965,98.125,45.8015267175573
30.97,98.75,45.9923664122137
30.975,99.375,46.1832061068702
30.98,100,46.3740458015267
30.985,0,46.5648854961832
30.99,0.274725274725275,46.7557251908397
30.995,0.549450549450549,46.9465648854962
31,0.824175824175824,47.1374045801527
31.005,1.0989010989011,47.3282442748092
31.01,1.37362637362637,47.5190839694656
31.015,1.64835164835165,47.7099236641221
31.02,1.92307692307692,47.9007633587786
31.025,2.1978021978022,48.0916030534351
31.03,2.47252747252747,48.2824427480916
31.035,2.74725274725275,48.4732824427481
31.04,3.02197802197802,48.6641221374046
31.045,3.2967032967033,48.8549618320611
31.05,3.57142857142857,49.0458015267176
31.055,3.84615384615385,49.236641221374
31.06,4.12087912087912,49.4274809160305
31.065,4.3956043956044,49.618320610687
31.07,4.67032967032967,49.8091603053435
31.075,4.94505494505495,50
31.08,5.21978021978022,50.1908396946565
31.085,5.49450549450549,50.381679389313
31.09,5.76923076923077,50.5725190839695
31.095,6.04395604395604,50.763358778626
31.1,6.31868131868132,50.9541984732824
31.105,6.59340659340659,51.1450381679389
31.11,6.86813186813187,51.3358778625954
31.115,7.14285714285714,51.5267175572519
31.12,7.41758241758242,51.7175572519084
31.125,7.69230769230769,51.9083969465649
31.13,7.96703296703297,52.0992366412214
31.135,8.24175824175824,52.2900763358779
31.14,8.51648351648352,52.4809160305344
31.145,8.79120879120879,52.6717557251908
31.15,9.06593406593407,52.8625954198473
31.155,9.34065934065934,53.0534351145038
31.16,9.61538461538461,53.2442748091603
31.165,9.89010989010989,53.4351145038168
31.17,10.1648351648352,53.6259541984733
31.175,10.4395604395604,53.8167938931298
31.18,10.7142857142857,54.0076335877863
31.185,10.989010989011,54.1984732824427
31.19,11.2637362637363,54.3893129770992
31.195,11.5384615384615,54.5801526717557
31.2,11.8131868131868,54.7709923664122
31.205,12.0879120879121,54.9618320610687
31.21,12.3626373626374,55.1526717557252
31.215,12.6373626373626,55.3435114503817
31.22,12.9120879120879,55.5343511450382
31.225,13.1868131868132,55.7251908396947
31.23,13.4615384615385,55.9160305343511
31.235,13.7362637362637,56.1068702290076
31.24,14.010989010989,56.2977099236641
31.245,14.2857142857143,56.4885496183206
31.25,14.5604395604396,56.6793893129771
31.255,14.8351648351648,56.8702290076336
31.26,15.1098901098901,57.0610687022901
31.265,15.3846153846154,57.2519083969466
31.27,15.6593406593407,57.4427480916031
31.275,15.9340659340659,57.6335877862595
31.28,16.2087912087912,57.824427480916
31.285,16.4835164835165,58.0152671755725
31.29,16.7582417582418,58.206106870229
31.295,17.032967032967,58.3969465648855
31.3,17.3076923076923,58.587786259542
31.305,17.5824175824176,58.7786259541985
31.31,17.8571428571429,58.969465648855
31.315,18.1318681318681,59.1603053435115
31.32,18.4065934065934,59.3511450381679
31.325,18.6813186813187,59.5419847328244
31.33,18.956043956044,59.7328244274809
31.335,19.2307692307692,59.9236641221374
31.34,19.5054945054945,60.1145038167939
31.345,19.7802197802198,60.3053435114504
31.35,20.0549450549451,60.4961832061069
31.355,20.3296703296703,60.6870229007634
31.36,20.6043956043956,60.8778625954198
31.365,20.8791208791209,61.0687022900763
31.37,21.1538461538462,61.2595419847328
31.375,21.4285714285714,61.4503816793893
31.38,21.7032967032967,61.6412213740458
31.385,21.978021978022,61.8320610687023
31.39,22.2527472527473,62.0229007633588
31.395,22.5274725274725,62.2137404580153
31.4,22.8021978021978,62.4045801526718
31.405,23.0769230769231,62.5954198473282
31.41,23.3516483516484,62.7862595419847
31.415,23.6263736263736,62.9770992366412
31.42,23.9010989010989,63.1679389312977
31.425,24.1758241758242,63.3587786259542
31.43,24.4505494505494,63.5496183206107
31.435,24.7252747252747,63.7404580152672
31.44,25,63.9312977099237
31.445,25.2747252747253,64.1221374045802
31.45,25.5494505494506,64.3129770992366
31.455,25.8241758241758,64.5038167938931
31.46,26.0989010989011,64.6946564885496
31.465,26.3736263736264,64.8854961832061
31.47,26.6483516483516,65.0763358778626
31.475,26.9230769230769,65.2671755725191
31.48,27.1978021978022,65.4580152671756
31.485,27.4725274725275,65.6488549618321
31.49,27.7472527472527,65.8396946564885
31.495,28.021978021978,66.030534351145
31.5,28.2967032967033,66.2213740458015
31.505,28.5714285714286,66.412213740458
31.51,28.8461538461538,66.6030534351145
31.515,29.1208791208791,66.793893129771
31.52,29.3956043956044,66.9847328244275
31.525,29.6703296703297,67.175572519084
31.53,29.9450549450549,67.3664122137405
31.535,30.2197802197802,67.5572519083969
31.54,30.4945054945055,67.7480916030534
31.545,30.7692307692308,67.9389312977099
31.55,31.043956043956,68.1297709923664
31.555,31.3186813186813,68.3206106870229
31.56,31.5934065934066,68.5114503816794
31.565,31.8681318681319,68.7022900763359
31.57,32.1428571428571,68.8931297709924
31.575,32.4175824175824,69.0839694656488
31.58,32.6923076923077,69.2748091603053
31.585,32.967032967033,69.4656488549618
31.59,33.2417582417582,69.6564885496183
31.595,33.5164835164835,69.8473282442748
31.6,33.7912087912088,70.0381679389313
31.605,34.0659340659341,70.2290076335878
31.61,34.3406593406593,70.4198473282443
31.615,34.6153846153846,70.6106870229008
31.62,34.8901098901099,70.8015267175573
31.625,35.1648351648352,70.9923664122137
31.63,35.4395604395604,71.1832061068702
31.635,35.7142857142857,71.3740458015267
31.64,35.989010989011,71.5648854961832
31.645,36.2637362637363,71.7557251908397
31.65,36.5384615384615,71.9465648854962
31.655,36.8131868131868,72.1374045801527
31.66,37.0879120879121,72.3282442748092
31.665,37.3626373626374,72.5190839694657
31.67,37.6373626373626,72.7099236641221
31.675,37.9120879120879,72.9007633587786
31.68,38.1868131868132,73.0916030534351
31.685,38.4615384615385,73.2824427480916
31.69,38.7362637362637,73.4732824427481
31.695,39.010989010989,73.6641221374046
31.7,39.2857142857143,73.8549618320611
31.705,39.5604395604396,74.0458015267176
31.71,39.8351648351648,74.236641221374
31.715,40.1098901098901,74.4274809160305
31.72,40.3846153846154,74.618320610687
31.725,40.6593406593407,74.8091603053435
31.73,40.9340659340659,75
31.735,41.2087912087912,75.1908396946565
31.74,41.4835164835165,75.381679389313
31.745,41.7582417582418,75.5725190839695
31.75,42.032967032967,75.763358778626
31.755,42.3076923076923,75.9541984732824
31.76,42.5824175824176,76.1450381679389
31.765,42.8571428571429,76.3358778625954
31.77,43.1318681318681,76.5267175572519
31.775,43.4065934065934,76.7175572519084
31.78,43.6813186813187,76.9083969465649
31.785,43.956043956044,77.0992366412214
31.79,44.2307692307692,77.2900763358779
31.795,44.5054945054945,77.4809160305343
31.8,44.7802197802198,77.6717557251908
31.805,45.0549450549451,77.8625954198473
31.81,45.3296703296703,78.0534351145038
31.815,45.6043956043956,78.2442748091603
31.82,45.8791208791209,78.4351145038168
31.825,46.1538461538462,78.6259541984733
31.83,46.4285714285714,78.8167938931298
31.835,46.7032967032967,79.0076335877863
31.84,46.978021978022,79.1984732824427
31.845,47.2527472527473,79.3893129770992
31.85,47.5274725274725,79.5801526717557
31.855,47.8021978021978,79.7709923664122
31.86,48.0769230769231,79.9618320610687
31.865,48.3516483516484,80.1526717557252
31.87,48.6263736263736,80.3435114503817
31.875,48.9010989010989,80.5343511450382
31.88,49.1758241758242,80.7251908396947
31.885,49.4505494505495,80.9160305343512
31.89,49.7252747252747,81.1068702290076
31.895,50,81.2977099236641
31.9,50.2747252747253,81.4885496183206
31.905,50.5494505494505,81.6793893129771
31.91,50.8241758241758,81.8702290076336
31.915,51.0989010989011,82.0610687022901
31.92,51.3736263736264,82.2519083969466
31.925,51.6483516483516,82.4427480916031
31.93,51.9230769230769,82.6335877862595
31.935,52.1978021978022,82.824427480916
31.94,52.4725274725275,83.0152671755725
31.945,52.7472527472527,83.206106870229
31.95,53.021978021978,83.3969465648855
31.955,53.2967032967033,83.587786259542
31.96,53.5714285714286,83.7786259541985
31.965,53.8461538461538,83.969465648855
31.97,54.1208791208791,84.1603053435115
31.975,54.3956043956044,84.3511450381679
31.98,54.6703296703297,84.5419847328244
31.985,54.9450549450549,84.7328244274809
31.99,55.2197802197802,84.9236641221374
31.995,55.4945054945055,85.1145038167939
32,55.7692307692308,85.3053435114504
32.005,56.043956043956,85.4961832061069
32.01,56.3186813186813,85.6870229007634
32.015,56.5934065934066,85.8778625954198
32.02,56.8681318681319,86.0687022900763
32.025,57.1428571428571,86.2595419847328
32.03,57.4175824175824,86.4503816793893
32.035,57.6923076923077,86.6412213740458
32.04,57.967032967033,86.8320610687023
32.045,58.2417582417582,87.0229007633588
32.05,58.5164835164835,87.2137404580153
32.055,58.7912087912088,87.4045801526718
32.06,59.0659340659341,87.5954198473282
32.065,59.3406593406593,87.7862595419847
32.07,59.6153846153846,87.9770992366412
32.075,59.8901098901099,88.1679389312977
32.08,60.1648351648352,88.3587786259542
32.085,60.4395604395604,88.5496183206107
32.09,60.7142857142857,88.7404580152672
32.095,60.989010989011,88.9312977099237
32.1,61.2637362637363,89.1221374045802
32.105,61.5384615384615,89.3129770992366
32.11,61.8131868131868,89.5038167938931
32.115,62.0879120879121,89.6946564885496
32.12,62.3626373626374,89.8854961832061
32.125,62.6373626373626,90.0763358778626
32.13,62.9120879120879,90.2671755725191
32.135,63.1868131868132,90.4580152671756
32.14,63.4615384615385,90.6488549618321
32.145,63.7362637362637,90.8396946564885
32.15,64.010989010989,91.030534351145
32.155,64.2857142857143,91.2213740458015
32.16,64.5604395604396,91.412213740458
32.165,64.8351648351648,91.6030534351145
32.17,65.1098901098901,91.793893129771
32.175,65.3846153846154,91.9847328244275
32.18,65.6593406593407,92.175572519084
32.185,65.9340659340659,92.3664122137405
32.19,66.2087912087912,92.5572519083969
32.195,66.4835164835165,92.7480916030534
32.2,66.7582417582418,92.9389312977099
32.205,67.032967032967,93.1297709923664
32.21,67.3076923076923,93.3206106870229
32.215,67.5824175824176,93.5114503816794
32.22,67.8571428571429,93.7022900763359
32.225,68.1318681318681,93.8931297709924
32.23,68.4065934065934,94.0839694656488
32.235,68.6813186813187,94.2748091603053
32.24,68.956043956044,94.4656488549618
32.245,69.2307692307692,94.6564885496183
32.25,69.5054945054945,94.8473282442748
32.255,69.7802197802198,95.0381679389313
32.26,70.0549450549451,95.2290076335878
32.265,70.3296703296703,95.4198473282443
32.27,70.6043956043956,95.6106870229008
32.275,70.8791208791209,95.8015267175573
32.28,71.1538461538462,95.9923664122137
32.285,71.4285714285714,96.1832061068702
32.29,71.7032967032967,96.3740458015267
32.295,71.978021978022,96.5648854961832
32.3,72.2527472527473,96.7557251908397
32.305,72.5274725274725,96.9465648854962
32.31,72.8021978021978,97.1374045801527
32.315,73.0769230769231,97.3282442748092
32.32,73.3516483516484,97.5190839694657
32.325,73.6263736263736,97.7099236641221
32.33,73.9010989010989,97.9007633587786
32.335,74.1758241758242,98.0916030534351
32.34,74.4505494505494,98.2824427480916
32.345,74.7252747252747,98.4732824427481
32.35,75,98.6641221374046
32.355,75.2747252747253,98.8549618320611
32.36,75.5494505494506,99.0458015267176
32.365,75.8241758241758,99.236641221374
32.37,76.0989010989011,99.4274809160305
32.375,76.3736263736264,99.618320610687
32.38,76.6483516483516,99.8091603053435
32.385,76.9230769230769,100
32.39,77.1978021978022,0
32.395,77.4725274725275,0.606060606060606
32.4,77.7472527472527,1.21212121212121
32.405,78.021978021978,1.81818181818182
32.41,78.2967032967033,2.42424242424242
32.415,78.5714285714286,3.03030303030303
32.42,78.8461538461538,3.63636363636364
32.425,79.1208791208791,4.24242424242424
32.43,79.3956043956044,4.84848484848485
32.435,79.6703296703297,5.45454545454545
32.44,79.9450549450549,6.06060606060606
32.445,80.2197802197802,6.66666666666667
32.45,80.4945054945055,7.27272727272727
32.455,80.7692307692308,7.87878787878788
32.46,81.043956043956,8.48484848484848
32.465,81.3186813186813,9.09090909090909
32.47,81.5934065934066,9.6969696969697
32.475,81.8681318681319,10.3030303030303
32.48,82.1428571428571,10.9090909090909
32.485,82.4175824175824,11.5151515151515
32.49,82.6923076923077,12.1212121212121
32.495,82.967032967033,12.7272727272727
32.5,83.2417582417582,13.3333333333333
32.505,83.5164835164835,13.9393939393939
32.51,83.7912087912088,14.5454545454545
32.515,84.0659340659341,15.1515151515152
32.52,84.3406593406593,15.7575757575758
32.525,84.6153846153846,16.3636363636364
32.53,84.8901098901099,16.969696969697
32.535,85.1648351648352,17.5757575757576
32.54,85.4395604395604,18.1818181818182
32.545,85.7142857142857,18.7878787878788
32.55,85.989010989011,19.3939393939394
32.555,86.2637362637363,20
32.56,86.5384615384615,20.6060606060606
32.565,86.8131868131868,21.2121212121212
32.57,87.0879120879121,21.8181818181818
32.575,87.3626373626374,22.4242424242424
32.58,87.6373626373626,23.030303030303
32.585,87.9120879120879,23.6363636363636
32.59,88.1868131868132,24.2424242424242
32.595,88.4615384615385,24.8484848484848
32.6,88.7362637362637,25.4545454545455
32.605,89.010989010989,26.0606060606061
32.61,89.2857142857143,26.6666666666667
32.615,89.5604395604396,27.2727272727273
32.62,89.8351648351648,27.8787878787879
32.625,90.1098901098901,28.4848484848485
32.63,90.3846153846154,29.0909090909091
32.635,90.6593406593407,29.6969696969697
32.64,90.9340659340659,30.3030303030303
32.645,91.2087912087912,30.9090909090909
32.65,91.4835164835165,31.5151515151515
32.655,91.7582417582418,32.1212121212121
32.66,92.032967032967,32.7272727272727
32.665,92.3076923076923,33.3333333333333
32.67,92.5824175824176,33.9393939393939
32.675,92.8571428571429,34.5454545454545
32.68,93.1318681318681,35.1515151515151
32.685,93.4065934065934,35.7575757575758
32.69,93.6813186813187,36.3636363636364
32.695,93.956043956044,36.969696969697
32.7,94.2307692307692,37.5757575757576
32.705,94.5054945054945,38.1818181818182
32.71,94.7802197802198,38.7878787878788
32.715,95.0549450549451,39.3939393939394
32.72,95.3296703296703,40
32.725,95.6043956043956,40.6060606060606
32.73,95.8791208791209,41.2121212121212
32.735,96.1538461538462,41.8181818181818
32.74,96.4285714285714,42.4242424242424
32.745,96.7032967032967,43.030303030303
32.75,96.978021978022,43.6363636363636
32.755,97.2527472527473,44.2424242424242
32.76,97.5274725274725,44.8484848484849
32.765,97.8021978021978,45.4545454545455
32.77,98.0769230769231,46.0606060606061
32.775,98.3516483516484,46.6666666666667
32.78,98.6263736263736,47.2727272727273
32.785,98.9010989010989,47.8787878787879
32.79,99.1758241758242,48.4848484848485
32.795,99.4505494505494,49.0909090909091
32.8,99.7252747252747,49.6969696969697
32.805,100,50.3030303030303
32.81,0,50.9090909090909
32.815,0.62111801242236,51.5151515151515
32.82,1.24223602484472,52.1212121212121
32.825,1.86335403726708,52.7272727272727
32.83,2.48447204968944,53.3333333333333
32.835,3.1055900621118,53.9393939393939
32.84,3.72670807453416,54.5454545454545
32.845,4.34782608695652,55.1515151515151
32.85,4.96894409937888,55.7575757575758
32.855,5.59006211180124,56.3636363636364
32.86,6.2111801242236,56.969696969697
32.865,6.83229813664596,57.5757575757576
32.87,7.45341614906832,58.1818181818182
32.875,8.07453416149068,58.7878787878788
32.88,8.69565217391304,59.3939393939394
32.885,9.3167701863354,60
32.89,9.93788819875776,60.6060606060606
32.895,10.5590062111801,61.2121212121212
32.9,11.1801242236025,61.8181818181818
32.905,11.8012422360248,62.4242424242424
32.91,12.4223602484472,63.030303030303
32.915,13.0434782608696,63.6363636363636
32.92,13.6645962732919,64.2424242424242
32.925,14.2857142857143,64.8484848484848
32.93,14.9068322981366,65.4545454545455
32.935,15.527950310559,66.0606060606061
32.94,16.1490683229814,66.6666666666667
32.945,16.7701863354037,67.2727272727273
32.95,17.3913043478261,67.8787878787879
32.955,18.0124223602484,68.4848484848485
32.96,18.6335403726708,69.0909090909091
32.965,19.2546583850932,69.6969696969697
32.97,19.8757763975155,70.3030303030303
32.975,20.4968944099379,70.9090909090909
32.98,21.1180124223602,71.5151515151515
32.985,21.7391304347826,72.1212121212121
32.99,22.360248447205,72.7272727272727
32.995,22.9813664596273,73.3333333333333
33,23.6024844720497,73.9393939393939
33.005,24.223602484472,74.5454545454545
33.01,24.8447204968944,75.1515151515152
33.015,25.4658385093168,75.7575757575758
33.02,26.0869565217391,76.3636363636364
33.025,26.7080745341615,76.969696969697
33.03,27.3291925465839,77.5757575757576
33.035,27.9503105590062,78.1818181818182
33.04,28.5714285714286,78.7878787878788
33.045,29.1925465838509,79.3939393939394
33.05,29.8136645962733,80
33.055,30.4347826086957,80.6060606060606
33.06,31.055900621118,81.2121212121212
33.065,31.6770186335404,81.8181818181818
33.07,32.2981366459627,82.4242424242424
33.075,32.9192546583851,83.030303030303
33.08,33.5403726708075,83.6363636363636
33.085,34.1614906832298,84.2424242424242
33.09,34.7826086956522,84.8484848484848
33.095,35.4037267080745,85.4545454545455
33.1,36.0248447204969,86.0606060606061
33.105,36.6459627329193,86.6666666666667
33.11,37.2670807453416,87.2727272727273
33.115,37.888198757764,87.8787878787879
33.12,38.5093167701863,88.4848484848485
33.125,39.1304347826087,89.0909090909091
33.13,39.7515527950311,89.6969696969697
33.135,40.3726708074534,90.3030303030303
33.14,40.9937888198758,90.9090909090909
33.145,41.6149068322981,91.5151515151515
33.15,42.2360248447205,92.1212121212121
33.155,42.8571428571429,92.7272727272727
33.16,43.4782608695652,93.3333333333333
33.165,44.0993788819876,93.9393939393939
33.17,44.7204968944099,94.5454545454545
33.175,45.3416149068323,95.1515151515152
33.18,45.9627329192547,95.7575757575758
33.185,46.583850931677,96.3636363636364
33.19,47.2049689440994,96.969696969697
33.195,47.8260869565217,97.5757575757576
33.2,48.4472049689441,98.1818181818182
33.205,49.0683229813665,98.7878787878788
33.21,49.6894409937888,99.3939393939394
33.215,50.3105590062112,100
33.22,50.9316770186335,0
33.225,51.5527950310559,0.628930817610063
33.23,52.1739130434783,1.25786163522013
33.235,52.7950310559006,1.88679245283019
33.24,53.416149068323,2.51572327044025
33.245,54.0372670807453,3.14465408805031
33.25,54.6583850931677,3.77358490566038
33.255,55.2795031055901,4.40251572327044
33.26,55.9006211180124,5.0314465408805
33.265,56.5217391304348,5.66037735849057
33.27,57.1428571428571,6.28930817610063
33.275,57.7639751552795,6.91823899371069
33.28,58.3850931677019,7.54716981132075
33.285,59.0062111801242,8.17610062893082
33.29,59.6273291925466,8.80503144654088
33.295,60.2484472049689,9.43396226415094
33.3,60.8695652173913,10.062893081761
33.305,61.4906832298137,10.6918238993711
33.31,62.111801242236,11.3207547169811
33.315,62.7329192546584,11.9496855345912
33.32,63.3540372670807,12.5786163522013
33.325,63.9751552795031,13.2075471698113
33.33,64.5962732919255,13.8364779874214
33.335,65.2173913043478,14.4654088050314
33.34,65.8385093167702,15.0943396226415
33.345,66.4596273291925,15.7232704402516
33.35,67.0807453416149,16.3522012578616
33.355,67.7018633540373,16.9811320754717
33.36,68.3229813664596,17.6100628930818
33.365,68.944099378882,18.2389937106918
33.37,69.5652173913043,18.8679245283019
33.375,70.1863354037267,19.4968553459119
33.38,70.8074534161491,20.125786163522
33.385,71.4285714285714,20.7547169811321
33.39,72.0496894409938,21.3836477987421
33.395,72.6708074534161,22.0125786163522
33.4,73.2919254658385,22.6415094339623
33.405,73.9130434782609,23.2704402515723
33.41,74.5341614906832,23.8993710691824
33.415,75.1552795031056,24.5283018867925
33.42,75.7763975155279,25.1572327044025
33.425,76.3975155279503,25.7861635220126
33.43,77.0186335403727,26.4150943396226
33.435,77.639751552795,27.0440251572327
33.44,78.2608695652174,27.6729559748428
33.445,78.8819875776397,28.3018867924528
33.45,79.5031055900621,28.9308176100629
33.455,80.1242236024845,29.559748427673
33.46,80.7453416149068,30.188679245283
33.465,81.3664596273292,30.8176100628931
33.47,81.9875776397515,31.4465408805031
33.475,82.6086956521739,32.0754716981132
33.48,83.2298136645963,32.7044025157233
33.485,83.8509316770186,33.3333333333333
33.49,84.472049689441,33.9622641509434
33.495,85.0931677018634,34.5911949685535
33.5,85.7142857142857,35.2201257861635
33.505,86.3354037267081,35.8490566037736
33.51,86.9565217391304,36.4779874213836
33.515,87.5776397515528,37.1069182389937
33.52,88.1987577639752,37.7358490566038
33.525,88.8198757763975,38.3647798742138
33.53,89.4409937888199,38.9937106918239
33.535,90.0621118012422,39.622641509434
33.54,90.6832298136646,40.251572327044
33.545,91.304347826087,40.8805031446541
33.55,91.9254658385093,41.5094339622642
33.555,92.5465838509317,42.1383647798742
33.56,93.167701863354,42.7672955974843
33.565,93.7888198757764,43.3962264150943
33.57,94.4099378881988,44.0251572327044
33.575,95.0310559006211,44.6540880503145
33.58,95.6521739130435,45.2830188679245
33.585,96.2732919254658,45.9119496855346
33.59,96.8944099378882,46.5408805031447
33.595,97.5155279503106,47.1698113207547
33.6,98.1366459627329,47.7987421383648
33.605,98.7577639751553,48.4276729559748
33.61,99.3788819875776,49.0566037735849
33.615,100,49.685534591195
33.62,0,50.314465408805
33.625,0.62111801242236,50.9433962264151
33.63,1.24223602484472,51.5723270440252
33.635,1.86335403726708,52.2012578616352
33.64,2.48447204968944,52.8301886792453
33.645,3.1055900621118,53.4591194968553
33.65,3.72670807453416,54.0880503144654
33.655,4.34782608695652,54.7169811320755
33.66,4.96894409937888,55.3459119496855
33.665,5.59006211180124,55.9748427672956
33.67,6.2111801242236,56.6037735849057
33.675,6.83229813664596,57.2327044025157
33.68,7.45341614906832,57.8616352201258
33.685,8.07453416149068,58.4905660377358
33.69,8.69565217391304,59.1194968553459
33.695,9.3167701863354,59.748427672956
33.7,9.93788819875776,60.377358490566
33.705,10.5590062111801,61.0062893081761
33.71,11.1801242236025,61.6352201257862
33.715,11.8012422360248,62.2641509433962
33.72,12.4223602484472,62.8930817610063
33.725,13.0434782608696,63.5220125786164
33.73,13.6645962732919,64.1509433962264
33.735,14.2857142857143,64.7798742138365
33.74,14.9068322981366,65.4088050314465
33.745,15.527950310559,66.0377358490566
33.75,16.1490683229814,66.6666666666667
33.755,16.7701863354037,67.2955974842767
33.76,17.3913043478261,67.9245283018868
33.765,18.0124223602484,68.5534591194968
33.77,18.6335403726708,69.1823899371069
33.775,19.2546583850932,69.811320754717
33.78,19.8757763975155,70.440251572327
33.785,20.4968944099379,71.0691823899371
33.79,21.1180124223602,71.6981132075472
33.795,21.7391304347826,72.3270440251572
33.8,22.360248447205,72.9559748427673
33.805,22.9813664596273,73.5849056603774
33.81,23.6024844720497,74.2138364779874
33.815,24.223602484472,74.8427672955975
33.82,24.8447204968944,75.4716981132076
33.825,25.4658385093168,76.1006289308176
33.83,26.0869565217391,76.7295597484277
33.835,26.7080745341615,77.3584905660377
33.84,27.3291925465839,77.9874213836478
33.845,27.9503105590062,78.6163522012579
33.85,28.5714285714286,79.2452830188679
33.855,29.1925465838509,79.874213836478
33.86,29.8136645962733,80.503144654088
33.865,30.4347826086957,81.1320754716981
33.87,31.055900621118,81.7610062893082
33.875,31.6770186335404,82.3899371069182
33.88,32.2981366459627,83.0188679245283
33.885,32.9192546583851,83.6477987421384
33.89,33.5403726708075,84.2767295597484
33.895,34.1614906832298,84.9056603773585
33.9,34.7826086956522,85.5345911949686
33.905,35.4037267080745,86.1635220125786
33.91,36.0248447204969,86.7924528301887
33.915,36.6459627329193,87.4213836477987
33.92,37.2670807453416,88.0503144654088
33.925,37.888198757764,88.6792452830189
33.93,38.5093167701863,89.3081761006289
33.935,39.1304347826087,89.937106918239
33.94,39.7515527950311,90.5660377358491
33.945,40.3726708074534,91.1949685534591
33.95,40.9937888198758,91.8238993710692
33.955,41.6149068322981,92.4528301886792
33.96,42.2360248447205,93.0817610062893
33.965,42.8571428571429,93.7106918238994
33.97,43.4782608695652,94.3396226415094
33.975,44.0993788819876,94.9685534591195
33.98,44.7204968944099,95.5974842767296
33.985,45.3416149068323,96.2264150943396
33.99,45.9627329192547,96.8553459119497
33.995,46.583850931677,97.4842767295598
34,47.2049689440994,98.1132075471698
34.005,47.8260869565217,98.7421383647799
34.01,48.4472049689441,99.3710691823899
34.015,49.0683229813665,100
34.02,49.6894409937888,0
34.025,50.3105590062112,0.657894736842105
34.03,50.9316770186335,1.31578947368421
34.035,51.5527950310559,1.97368421052632
34.04,52.1739130434783,2.63157894736842
34.045,52.7950310559006,3.28947368421053
34.05,53.416149068323,3.94736842105263
34.055,54.0372670807453,4.60526315789474
34.06,54.6583850931677,5.26315789473684
34.065,55.2795031055901,5.92105263157895
34.07,55.9006211180124,6.57894736842105
34.075,56.5217391304348,7.23684210526316
34.08,57.1428571428571,7.89473684210526
34.085,57.7639751552795,8.55263157894737
34.09,58.3850931677019,9.21052631578947
34.095,59.0062111801242,9.86842105263158
34.1,59.6273291925466,10.5263157894737
34.105,60.2484472049689,11.1842105263158
34.11,60.8695652173913,11.8421052631579
34.115,61.4906832298137,12.5
34.12,62.111801242236,13.1578947368421
34.125,62.7329192546584,13.8157894736842
34.13,63.3540372670807,14.4736842105263
34.135,63.9751552795031,15.1315789473684
34.14,64.5962732919255,15.7894736842105
34.145,65.2173913043478,16.4473684210526
34.15,65.8385093167702,17.1052631578947
34.155,66.4596273291925,17.7631578947368
34.16,67.0807453416149,18.4210526315789
34.165,67.7018633540373,19.0789473684211
34.17,68.3229813664596,19.7368421052632
34.175,68.944099378882,20.3947368421053
34.18,69.5652173913043,21.0526315789474
34.185,70.1863354037267,21.7105263157895
34.19,70.8074534161491,22.3684210526316
34.195,71.4285714285714,23.0263157894737
34.2,72.0496894409938,23.6842105263158
34.205,72.6708074534161,24.3421052631579
34.21,73.2919254658385,25
34.215,73.9130434782609,25.6578947368421
34.22,74.5341614906832,26.3157894736842
34.225,75.1552795031056,26.9736842105263
34.23,75.7763975155279,27.6315789473684
34.235,76.3975155279503,28.2894736842105
34.24,77.0186335403727,28.9473684210526
34.245,77.639751552795,29.6052631578947
34.25,78.2608695652174,30.2631578947368
34.255,78.8819875776397,30.9210526315789
34.26,79.5031055900621,31.5789473684211
34.265,80.1242236024845,32.2368421052632
34.27,80.7453416149068,32.8947368421053
34.275,81.3664596273292,33.5526315789474
34.28,81.9875776397515,34.2105263157895
34.285,82.6086956521739,34.8684210526316
34.29,83.2298136645963,35.5263157894737
34.295,83.8509316770186,36.1842105263158
34.3,84.472049689441,36.8421052631579
34.305,85.0931677018634,37.5
34.31,85.7142857142857,38.1578947368421
34.315,86.3354037267081,38.8157894736842
34.32,86.9565217391304,39.4736842105263
34.325,87.5776397515528,40.1315789473684
34.33,88.1987577639752,40.7894736842105
34.335,88.8198757763975,41.4473684210526
34.34,89.4409937888199,42.1052631578947
34.345,90.0621118012422,42.7631578947368
34.35,90.6832298136646,43.4210526315789
34.355,91.304347826087,44.0789473684211
34.36,91.9254658385093,44.7368421052632
34.365,92.5465838509317,45.3947368421053
34.37,93.167701863354,46.0526315789474
34.375,93.7888198757764,46.7105263157895
34.38,94.4099378881988,47.3684210526316
34.385,95.0310559006211,48.0263157894737
34.39,95.6521739130435,48.6842105263158
34.395,96.2732919254658,49.3421052631579
34.4,96.8944099378882,50
34.405,97.5155279503106,50.6578947368421
34.41,98.1366459627329,51.3157894736842
34.415,98.7577639751553,51.9736842105263
34.42,99.3788819875776,52.6315789473684
34.425,100,53.2894736842105
34.43,0,53.9473684210526
34.435,0.689655172413793,54.6052631578947
34.44,1.37931034482759,55.2631578947368
34.445,2.06896551724138,55.9210526315789
34.45,2.75862068965517,56.5789473684211
34.455,3.44827586206897,57.2368421052632
34.46,4.13793103448276,57.8947368421053
34.465,4.82758620689655,58.5526315789474
34.47,5.51724137931035,59.2105263157895
34.475,6.20689655172414,59.8684210526316
34.48,6.89655172413793,60.5263157894737
34.485,7.58620689655172,61.1842105263158
34.49,8.27586206896552,61.8421052631579
34.495,8.96551724137931,62.5
34.5,9.6551724137931,63.1578947368421
34.505,10.3448275862069,63.8157894736842
34.51,11.0344827586207,64.4736842105263
34.515,11.7241379310345,65.1315789473684
34.52,12.4137931034483,65.7894736842105
34.525,13.1034482758621,66.4473684210526
34.53,13.7931034482759,67.1052631578947
34.535,14.4827586206897,67.7631578947368
34.54,15.1724137931034,68.4210526315789
34.545,15.8620689655172,69.0789473684211
34.55,16.551724137931,69.7368421052632
34.555,17.2413793103448,70.3947368421053
34.56,17.9310344827586,71.0526315789474
34.565,18.6206896551724,71.7105263157895
34.57,19.3103448275862,72.3684210526316
34.575,20,73.0263157894737
34.58,20.6896551724138,73.6842105263158
34.585,21.3793103448276,74.3421052631579
34.59,22.0689655172414,75
34.595,22.7586206896552,75.6578947368421
34.6,23.448275862069,76.3157894736842
34.605,24.1379310344828,76.9736842105263
34.61,24.8275862068966,77.6315789473684
34.615,25.5172413793103,78.2894736842105
34.62,26.2068965517241,78.9473684210526
34.625,26.8965517241379,79.6052631578947
34.63,27.5862068965517,80.2631578947368
34.635,28.2758620689655,80.9210526315789
34.64,28.9655172413793,81.5789473684211
34.645,29.6551724137931,82.2368421052632
34.65,30.3448275862069,82.8947368421053
34.655,31.0344827586207,83.5526315789474
34.66,31.7241379310345,84.2105263157895
34.665,32.4137931034483,84.8684210526316
34.67,33.1034482758621,85.5263157894737
34.675,33.7931034482759,86.1842105263158
34.68,34.4827586206897,86.8421052631579
34.685,35.1724137931034,87.5
34.69,35.8620689655172,88.1578947368421
34.695,36.551724137931,88.8157894736842
34.7,37.2413793103448,89.4736842105263
34.705,37.9310344827586,90.1315789473684
34.71,38.6206896551724,90.7894736842105
34.715,39.3103448275862,91.4473684210526
34.72,40,92.1052631578947
34.725,40.6896551724138,92.7631578947368
34.73,41.3793103448276,93.4210526315789
34.735,42.0689655172414,94.0789473684211
34.74,42.7586206896552,94.7368421052632
34.745,43.448275862069,95.3947368421053
34.75,44.1379310344828,96.0526315789474
34.755,44.8275862068966,96.7105263157895
34.76,45.5172413793103,97.3684210526316
34.765,46.2068965517241,98.0263157894737
34.77,46.8965517241379,98.6842105263158
34.775,47.5862068965517,99.3421052631579
34.78,48.2758620689655,100
34.785,48.9655172413793,0
34.79,49.6551724137931,0.657894736842105
34.795,50.3448275862069,1.31578947368421
34.8,51.0344827586207,1.97368421052632
34.805,51.7241379310345,2.63157894736842
34.81,52.4137931034483,3.28947368421053
34.815,53.1034482758621,3.94736842105263
34.82,53.7931034482759,4.60526315789474
34.825,54.4827586206897,5.26315789473684
34.83,55.1724137931034,5.92105263157895
34.835,55.8620689655172,6.57894736842105
34.84,56.551724137931,7.23684210526316
34.845,57.2413793103448,7.89473684210526
34.85,57.9310344827586,8.55263157894737
34.855,58.6206896551724,9.21052631578947
34.86,59.3103448275862,9.86842105263158
34.865,60,10.5263157894737
34.87,60.6896551724138,11.1842105263158
34.875,61.3793103448276,11.8421052631579
34.88,62.0689655172414,12.5
34.885,62.7586206896552,13.1578947368421
34.89,63.448275862069,13.8157894736842
34.895,64.1379310344828,14.4736842105263
34.9,64.8275862068966,15.1315789473684
34.905,65.5172413793103,15.7894736842105
34.91,66.2068965517241,16.4473684210526
34.915,66.8965517241379,17.1052631578947
34.92,67.5862068965517,17.7631578947368
34.925,68.2758620689655,18.4210526315789
34.93,68.9655172413793,19.0789473684211
34.935,69.6551724137931,19.7368421052632
34.94,70.3448275862069,20.3947368421053
34.945,71.0344827586207,21.0526315789474
34.95,71.7241379310345,21.7105263157895
34.955,72.4137931034483,22.3684210526316
34.96,73.1034482758621,23.0263157894737
34.965,73.7931034482759,23.6842105263158
34.97,74.4827586206897,24.3421052631579
34.975,75.1724137931034,25
34.98,75.8620689655172,25.6578947368421
34.985,76.551724137931,26.3157894736842
34.99,77.2413793103448,26.9736842105263
34.995,77.9310344827586,27.6315789473684
35,78.6206896551724,28.2894736842105
35.005,79.3103448275862,28.9473684210526
35.01,80,29.6052631578947
35.015,80.6896551724138,30.2631578947368
35.02,81.3793103448276,30.9210526315789
35.025,82.0689655172414,31.5789473684211
35.03,82.7586206896552,32.2368421052632
35.035,83.448275862069,32.8947368421053
35.04,84.1379310344828,33.5526315789474
35.045,84.8275862068966,34.2105263157895
35.05,85.5172413793103,34.8684210526316
35.055,86.2068965517241,35.5263157894737
35.06,86.8965517241379,36.1842105263158
35.065,87.5862068965517,36.8421052631579
35.07,88.2758620689655,37.5
35.075,88.9655172413793,38.1578947368421
35.08,89.6551724137931,38.8157894736842
35.085,90.3448275862069,39.4736842105263
35.09,91.0344827586207,40.1315789473684
35.095,91.7241379310345,40.7894736842105
35.1,92.4137931034483,41.4473684210526
35.105,93.1034482758621,42.1052631578947
35.11,93.7931034482759,42.7631578947368
35.115,94.4827586206897,43.4210526315789
35.12,95.1724137931034,44.0789473684211
35.125,95.8620689655172,44.7368421052632
35.13,96.551724137931,45.3947368421053
35.135,97.2413793103448,46.0526315789474
35.14,97.9310344827586,46.7105263157895
35.145,98.6206896551724,47.3684210526316
35.15,99.3103448275862,48.0263157894737
35.155,100,48.6842105263158
35.16,0,49.3421052631579
35.165,0.65359477124183,50
35.17,1.30718954248366,50.6578947368421
35.175,1.96078431372549,51.3157894736842
35.18,2.61437908496732,51.9736842105263
35.185,3.26797385620915,52.6315789473684
35.19,3.92156862745098,53.2894736842105
35.195,4.57516339869281,53.9473684210526
35.2,5.22875816993464,54.6052631578947
35.205,5.88235294117647,55.2631578947368
35.21,6.5359477124183,55.9210526315789
35.215,7.18954248366013,56.5789473684211
35.22,7.84313725490196,57.2368421052632
35.225,8.49673202614379,57.8947368421053
35.23,9.15032679738562,58.5526315789474
35.235,9.80392156862745,59.2105263157895
35.24,10.4575163398693,59.8684210526316
35.245,11.1111111111111,60.5263157894737
35.25,11.7647058823529,61.1842105263158
35.255,12.4183006535948,61.8421052631579
35.26,13.0718954248366,62.5
35.265,13.7254901960784,63.1578947368421
35.27,14.3790849673203,63.8157894736842
35.275,15.0326797385621,64.4736842105263
35.28,15.6862745098039,65.1315789473684
35.285,16.3398692810458,65.7894736842105
35.29,16.9934640522876,66.4473684210526
35.295,17.6470588235294,67.1052631578947
35.3,18.3006535947712,67.7631578947368
35.305,18.9542483660131,68.4210526315789
35.31,19.6078431372549,69.0789473684211
35.315,20.2614379084967,69.7368421052632
35.32,20.9150326797386,70.3947368421053
35.325,21.5686274509804,71.0526315789474
35.33,22.2222222222222,71.7105263157895
35.335,22.8758169934641,72.3684210526316
35.34,23.5294117647059,73.0263157894737
35.345,24.1830065359477,73.6842105263158
35.35,24.8366013071895,74.3421052631579
35.355,25.4901960784314,75
35.36,26.1437908496732,75.6578947368421
35.365,26.797385620915,76.3157894736842
35.37,27.4509803921569,76.9736842105263
35.375,28.1045751633987,77.6315789473684
35.38,28.7581699346405,78.2894736842105
35.385,29.4117647058824,78.9473684210526
35.39,30.0653594771242,79.6052631578947
35.395,30.718954248366,80.2631578947368
35.4,31.3725490196078,80.9210526315789
35.405,32.0261437908497,81.5789473684211
35.41,32.6797385620915,82.2368421052632
35.415,33.3333333333333,82.8947368421053
35.42,33.9869281045752,83.5526315789474
35.425,34.640522875817,84.2105263157895
35.43,35.2941176470588,84.8684210526316
35.435,35.9477124183007,85.5263157894737
35.44,36.6013071895425,86.1842105263158
35.445,37.2549019607843,86.8421052631579
35.45,37.9084967320261,87.5
35.455,38.562091503268,88.1578947368421
35.46,39.2156862745098,88.8157894736842
35.465,39.8692810457516,89.4736842105263
35.47,40.5228758169935,90.1315789473684
35.475,41.1764705882353,90.7894736842105
35.48,41.8300653594771,91.4473684210526
35.485,42.483660130719,92.1052631578947
35.49,43.1372549019608,92.7631578947368
35.495,43.7908496732026,93.4210526315789
35.5,44.4444444444444,94.0789473684211
35.505,45.0980392156863,94.7368421052632
35.51,45.7516339869281,95.3947368421053
35.515,46.4052287581699,96.0526315789474
35.52,47.0588235294118,96.7105263157895
35.525,47.7124183006536,97.3684210526316
35.53,48.3660130718954,98.0263157894737
35.535,49.0196078431373,98.6842105263158
35.54,49.6732026143791,99.3421052631579
35.545,50.3267973856209,100
35.55,50.9803921568627,0
35.555,51.6339869281046,0.636942675159236
35.56,52.2875816993464,1.27388535031847
35.565,52.9411764705882,1.91082802547771
35.57,53.5947712418301,2.54777070063694
35.575,54.2483660130719,3.18471337579618
35.58,54.9019607843137,3.82165605095541
35.585,55.5555555555556,4.45859872611465
35.59,56.2091503267974,5.09554140127389
35.595,56.8627450980392,5.73248407643312
35.6,57.516339869281,6.36942675159236
35.605,58.1699346405229,7.00636942675159
35.61,58.8235294117647,7.64331210191083
35.615,59.4771241830065,8.28025477707006
35.62,60.1307189542484,8.9171974522293
35.625,60.7843137254902,9.55414012738854
35.63,61.437908496732,10.1910828025478
35.635,62.0915032679739,10.828025477707
35.64,62.7450980392157,11.4649681528662
35.645,63.3986928104575,12.1019108280255
35.65,64.0522875816993,12.7388535031847
35.655,64.7058823529412,13.3757961783439
35.66,65.359477124183,14.0127388535032
35.665,66.0130718954248,14.6496815286624
35.67,66.6666666666667,15.2866242038217
35.675,67.3202614379085,15.9235668789809
35.68,67.9738562091503,16.5605095541401
35.685,68.6274509803922,17.1974522292994
35.69,69.281045751634,17.8343949044586
35.695,69.9346405228758,18.4713375796178
35.7,70.5882352941177,19.1082802547771
35.705,71.2418300653595,19.7452229299363
35.71,71.8954248366013,20.3821656050955
35.715,72.5490196078431,21.0191082802548
35.72,73.202614379085,21.656050955414
35.725,73.8562091503268,22.2929936305732
35.73,74.5098039215686,22.9299363057325
35.735,75.1633986928105,23.5668789808917
35.74,75.8169934640523,24.203821656051
35.745,76.4705882352941,24.8407643312102
35.75,77.1241830065359,25.4777070063694
35.755,77.7777777777778,26.1146496815287
35.76,78.4313725490196,26.7515923566879
35.765,79.0849673202614,27.3885350318471
35.77,79.7385620915033,28.0254777070064
35.775,80.3921568627451,28.6624203821656
35.78,81.0457516339869,29.2993630573248
35.785,81.6993464052288,29.9363057324841
35.79,82.3529411764706,30.5732484076433
35.795,83.0065359477124,31.2101910828025
35.8,83.6601307189542,31.8471337579618
35.805,84.3137254901961,32.484076433121
35.81,84.9673202614379,33.1210191082803
35.815,85.6209150326797,33.7579617834395
35.82,86.2745098039216,34.3949044585987
35.825,86.9281045751634,35.031847133758
35.83,87.5816993464052,35.6687898089172
35.835,88.2352941176471,36.3057324840764
35.84,88.8888888888889,36.9426751592357
35.845,89.5424836601307,37.5796178343949
35.85,90.1960784313726,38.2165605095541
35.855,90.8496732026144,38.8535031847134
35.86,91.5032679738562,39.4904458598726
35.865,92.156862745098,40.1273885350318
35.87,92.8104575163399,40.7643312101911
35.875,93.4640522875817,41.4012738853503
35.88,94.1176470588235,42.0382165605096
35.885,94.7712418300654,42.6751592356688
35.89,95.4248366013072,43.312101910828
35.895,96.078431372549,43.9490445859873
35.9,96.7320261437908,44.5859872611465
35.905,97.3856209150327,45.2229299363057
35.91,98.0392156862745,45.859872611465
35.915,98.6928104575163,46.4968152866242
35.92,99.3464052287582,47.1337579617834
35.925,100,47.7707006369427
35.93,0,48.4076433121019
35.935,0.636942675159236,49.0445859872611
35.94,1.27388535031847,49.6815286624204
35.945,1.91082802547771,50.3184713375796
35.95,2.54777070063694,50.9554140127389
35.955,3.18471337579618,51.5923566878981
35.96,3.82165605095541,52.2292993630573
35.965,4.45859872611465,52.8662420382166
35.97,5.09554140127389,53.5031847133758
35.975,5.73248407643312,54.140127388535
35.98,6.36942675159236,54.7770700636943
35.985,7.00636942675159,55.4140127388535
35.99,7.64331210191083,56.0509554140127
35.995,8.28025477707006,56.687898089172
36,8.9171974522293,57.3248407643312
36.005,9.55414012738854,57.9617834394904
36.01,10.1910828025478,58.5987261146497
36.015,10.828025477707,59.2356687898089
36.02,11.4649681528662,59.8726114649682
36.025,12.1019108280255,60.5095541401274
36.03,12.7388535031847,61.1464968152866
36.035,13.3757961783439,61.7834394904459
36.04,14.0127388535032,62.4203821656051
36.045,14.6496815286624,63.0573248407643
36.05,15.2866242038217,63.6942675159236
36.055,15.9235668789809,64.3312101910828
36.06,16.5605095541401,64.968152866242
36.065,17.1974522292994,65.6050955414013
36.07,17.8343949044586,66.2420382165605
36.075,18.4713375796178,66.8789808917197
36.08,19.1082802547771,67.515923566879
36.085,19.7452229299363,68.1528662420382
36.09,20.3821656050955,68.7898089171974
36.095,21.0191082802548,69.4267515923567
36.1,21.656050955414,70.0636942675159
36.105,22.2929936305732,70.7006369426752
36.11,22.9299363057325,71.3375796178344
36.115,23.5668789808917,71.9745222929936
36.12,24.203821656051,72.6114649681529
36.125,24.8407643312102,73.2484076433121
36.13,25.4777070063694,73.8853503184713
36.135,26.1146496815287,74.5222929936306
36.14,26.7515923566879,75.1592356687898
36.145,27.3885350318471,75.796178343949
36.15,28.0254777070064,76.4331210191083
36.155,28.6624203821656,77.0700636942675
36.16,29.2993630573248,77.7070063694268
36.165,29.9363057324841,78.343949044586
36.17,30.5732484076433,78.9808917197452
36.175,31.2101910828025,79.6178343949045
36.18,31.8471337579618,80.2547770700637
36.185,32.484076433121,80.8917197452229
36.19,33.1210191082803,81.5286624203822
36.195,33.7579617834395,82.1656050955414
36.2,34.3949044585987,82.8025477707006
36.205,35.031847133758,83.4394904458599
36.21,35.6687898089172,84.0764331210191
36.215,36.3057324840764,84.7133757961783
36.22,36.9426751592357,85.3503184713376
36.225,37.5796178343949,85.9872611464968
36.23,38.2165605095541,86.6242038216561
36.235,38.8535031847134,87.2611464968153
36.24,39.4904458598726,87.8980891719745
36.245,40.1273885350318,88.5350318471338
36.25,40.7643312101911,89.171974522293
36.255,41.4012738853503,89.8089171974522
36.26,42.0382165605096,90.4458598726115
36.265,42.6751592356688,91.0828025477707
36.27,43.312101910828,91.7197452229299
36.275,43.9490445859873,92.3566878980892
36.28,44.5859872611465,92.9936305732484
36.285,45.2229299363057,93.6305732484076
36.29,45.859872611465,94.2675159235669
36.295,46.4968152866242,94.9044585987261
36.3,47.1337579617834,95.5414012738854
36.305,47.7707006369427,96.1783439490446
36.31,48.4076433121019,96.8152866242038
36.315,49.0445859872611,97.4522292993631
36.32,49.6815286624204,98.0891719745223
36.325,50.3184713375796,98.7261146496815
36.33,50.9554140127389,99.3630573248408
36.335,51.5923566878981,100
36.34,52.2292993630573,0
36.345,52.8662420382166,0.65359477124183
36.35,53.5031847133758,1.30718954248366
36.355,54.140127388535,1.96078431372549
36.36,54.7770700636943,2.61437908496732
36.365,55.4140127388535,3.26797385620915
36.37,56.0509554140127,3.92156862745098
36.375,56.687898089172,4.57516339869281
36.38,57.3248407643312,5.22875816993464
36.385,57.9617834394904,5.88235294117647
36.39,58.5987261146497,6.5359477124183
36.395,59.2356687898089,7.18954248366013
36.4,59.8726114649682,7.84313725490196
36.405,60.5095541401274,8.49673202614379
36.41,61.1464968152866,9.15032679738562
36.415,61.7834394904459,9.80392156862745
36.42,62.4203821656051,10.4575163398693
36.425,63.0573248407643,11.1111111111111
36.43,63.6942675159236,11.7647058823529
36.435,64.3312101910828,12.4183006535948
36.44,64.968152866242,13.0718954248366
36.445,65.6050955414013,13.7254901960784
36.45,66.2420382165605,14.3790849673203
36.455,66.8789808917197,15.0326797385621
36.46,67.515923566879,15.6862745098039
36.465,68.1528662420382,16.3398692810458
36.47,68.7898089171974,16.9934640522876
36.475,69.4267515923567,17.6470588235294
36.48,70.0636942675159,18.3006535947712
36.485,70.7006369426752,18.9542483660131
36.49,71.3375796178344,19.6078431372549
36.495,71.9745222929936,20.2614379084967
36.5,72.6114649681529,20.9150326797386
36.505,73.2484076433121,21.5686274509804
36.51,73.8853503184713,22.2222222222222
36.515,74.5222929936306,22.8758169934641
36.52,75.1592356687898,23.5294117647059
36.525,75.796178343949,24.1830065359477
36.53,76.4331210191083,24.8366013071895
36.535,77.0700636942675,25.4901960784314
36.54,77.7070063694268,26.1437908496732
36.545,78.343949044586,26.797385620915
36.55,78.9808917197452,27.4509803921569
36.555,79.6178343949045,28.1045751633987
36.56,80.2547770700637,28.7581699346405
36.565,80.8917197452229,29.4117647058824
36.57,81.5286624203822,30.0653594771242
36.575,82.1656050955414,30.718954248366
36.58,82.8025477707006,31.3725490196078
36.585,83.4394904458599,32.0261437908497
36.59,84.0764331210191,32.6797385620915
36.595,84.7133757961783,33.3333333333333
36.6,85.3503184713376,33.9869281045752
36.605,85.9872611464968,34.640522875817
36.61,86.6242038216561,35.2941176470588
36.615,87.2611464968153,35.9477124183007
36.62,87.8980891719745,36.6013071895425
36.625,88.5350318471338,37.2549019607843
36.63,89.171974522293,37.9084967320261
36.635,89.8089171974522,38.562091503268
36.64,90.4458598726115,39.2156862745098
36.645,91.0828025477707,39.8692810457516
36.65,91.7197452229299,40.5228758169935
36.655,92.3566878980892,41.1764705882353
36.66,92.9936305732484,41.8300653594771
36.665,93.6305732484076,42.483660130719
36.67,94.2675159235669,43.1372549019608
36.675,94.9044585987261,43.7908496732026
36.68,95.5414012738854,44.4444444444444
36.685,96.1783439490446,45.0980392156863
36.69,96.8152866242038,45.7516339869281
36.695,97.4522292993631,46.4052287581699
36.7,98.0891719745223,47.0588235294118
36.705,98.7261146496815,47.7124183006536
36.71,99.3630573248408,48.3660130718954
36.715,100,49.0196078431373
36.72,0,49.6732026143791
36.725,0.662251655629139,50.3267973856209
36.73,1.32450331125828,50.9803921568627
36.735,1.98675496688742,51.6339869281046
36.74,2.64900662251656,52.2875816993464
36.745,3.3112582781457,52.9411764705882
36.75,3.97350993377483,53.5947712418301
36.755,4.63576158940397,54.2483660130719
36.76,5.29801324503311,54.9019607843137
36.765,5.96026490066225,55.5555555555556
36.77,6.62251655629139,56.2091503267974
36.775,7.28476821192053,56.8627450980392
36.78,7.94701986754967,57.516339869281
36.785,8.60927152317881,58.1699346405229
36.79,9.27152317880795,58.8235294117647
36.795,9.93377483443709,59.4771241830065
36.8,10.5960264900662,60.1307189542484
36.805,11.2582781456954,60.7843137254902
36.81,11.9205298013245,61.437908496732
36.815,12.5827814569536,62.0915032679739
36.82,13.2450331125828,62.7450980392157
36.825,13.9072847682119,63.3986928104575
36.83,14.5695364238411,64.0522875816993
36.835,15.2317880794702,64.7058823529412
36.84,15.8940397350993,65.359477124183
36.845,16.5562913907285,66.0130718954248
36.85,17.2185430463576,66.6666666666667
36.855,17.8807947019868,67.3202614379085
36.86,18.5430463576159,67.9738562091503
36.865,19.205298013245,68.6274509803922
36.87,19.8675496688742,69.281045751634
36.875,20.5298013245033,69.9346405228758
36.88,21.1920529801325,70.5882352941177
36.885,21.8543046357616,71.2418300653595
36.89,22.5165562913907,71.8954248366013
36.895,23.1788079470199,72.5490196078431
36.9,23.841059602649,73.202614379085
36.905,24.5033112582781,73.8562091503268
36.91,25.1655629139073,74.5098039215686
36.915,25.8278145695364,75.1633986928105
36.92,26.4900662251656,75.8169934640523
36.925,27.1523178807947,76.4705882352941
36.93,27.8145695364238,77.1241830065359
36.935,28.476821192053,77.7777777777778
36.94,29.1390728476821,78.4313725490196
36.945,29.8013245033113,79.0849673202614
36.95,30.4635761589404,79.7385620915033
36.955,31.1258278145695,80.3921568627451
36.96,31.7880794701987,81.0457516339869
36.965,32.4503311258278,81.6993464052288
36.97,33.112582781457,82.3529411764706
36.975,33.7748344370861,83.0065359477124
36.98,34.4370860927152,83.6601307189542
36.985,35.0993377483444,84.3137254901961
36.99,35.7615894039735,84.9673202614379
36.995,36.4238410596027,85.6209150326797
37,37.0860927152318,86.2745098039216
37.005,37.7483443708609,86.9281045751634
37.01,38.4105960264901,87.5816993464052
37.015,39.0728476821192,88.2352941176471
37.02,39.7350993377483,88.8888888888889
37.025,40.3973509933775,89.5424836601307
37.03,41.0596026490066,90.1960784313726
37.035,41.7218543046358,90.8496732026144
37.04,42.3841059602649,91.5032679738562
37.045,43.046357615894,92.156862745098
37.05,43.7086092715232,92.8104575163399
37.055,44.3708609271523,93.4640522875817
37.06,45.0331125827815,94.1176470588235
37.065,45.6953642384106,94.7712418300654
37.07,46.3576158940397,95.4248366013072
37.075,47.0198675496689,96.078431372549
37.08,47.682119205298,96.7320261437908
37.085,48.3443708609271,97.3856209150327
37.09,49.0066225165563,98.0392156862745
37.095,49.6688741721854,98.6928104575163
37.1,50.3311258278146,99.3464052287582
37.105,50.9933774834437,100
37.11,51.6556291390729,0
37.115,52.317880794702,0.680272108843537
37.12,52.9801324503311,1.36054421768707
37.125,53.6423841059603,2.04081632653061
37.13,54.3046357615894,2.72108843537415
37.135,54.9668874172185,3.40136054421769
37.14,55.6291390728477,4.08163265306122
37.145,56.2913907284768,4.76190476190476
37.15,56.953642384106,5.4421768707483
37.155,57.6158940397351,6.12244897959184
37.16,58.2781456953642,6.80272108843537
37.165,58.9403973509934,7.48299319727891
37.17,59.6026490066225,8.16326530612245
37.175,60.2649006622517,8.84353741496599
37.18,60.9271523178808,9.52380952380952
37.185,61.5894039735099,10.2040816326531
37.19,62.2516556291391,10.8843537414966
37.195,62.9139072847682,11.5646258503401
37.2,63.5761589403973,12.2448979591837
37.205,64.2384105960265,12.9251700680272
37.21,64.9006622516556,13.6054421768707
37.215,65.5629139072848,14.2857142857143
37.22,66.2251655629139,14.9659863945578
37.225,66.887417218543,15.6462585034014
37.23,67.5496688741722,16.3265306122449
37.235,68.2119205298013,17.0068027210884
37.24,68.8741721854305,17.687074829932
37.245,69.5364238410596,18.3673469387755
37.25,70.1986754966887,19.047619047619
37.255,70.8609271523179,19.7278911564626
37.26,71.523178807947,20.4081632653061
37.265,72.1854304635762,21.0884353741497
37.27,72.8476821192053,21.7687074829932
37.275,73.5099337748344,22.4489795918367
37.28,74.1721854304636,23.1292517006803
37.285,74.8344370860927,23.8095238095238
37.29,75.4966887417219,24.4897959183673
37.295,76.158940397351,25.1700680272109
37.3,76.8211920529801,25.8503401360544
37.305,77.4834437086093,26.530612244898
37.31,78.1456953642384,27.2108843537415
37.315,78.8079470198676,27.891156462585
37.32,79.4701986754967,28.5714285714286
37.325,80.1324503311258,29.2517006802721
37.33,80.794701986755,29.9319727891156
37.335,81.4569536423841,30.6122448979592
37.34,82.1192052980132,31.2925170068027
37.345,82.7814569536424,31.9727891156463
37.35,83.4437086092715,32.6530612244898
37.355,84.1059602649007,33.3333333333333
37.36,84.7682119205298,34.0136054421769
37.365,85.4304635761589,34.6938775510204
37.37,86.0927152317881,35.3741496598639
37.375,86.7549668874172,36.0544217687075
37.38,87.4172185430464,36.734693877551
37.385,88.0794701986755,37.4149659863946
37.39,88.7417218543046,38.0952380952381
37.395,89.4039735099338,38.7755102040816
37.4,90.0662251655629,39.4557823129252
37.405,90.728476821192,40.1360544217687
37.41,91.3907284768212,40.8163265306122
37.415,92.0529801324503,41.4965986394558
37.42,92.7152317880795,42.1768707482993
37.425,93.3774834437086,42.8571428571429
37.43,94.0397350993377,43.5374149659864
37.435,94.7019867549669,44.2176870748299
37.44,95.364238410596,44.8979591836735
37.445,96.0264900662252,45.578231292517
37.45,96.6887417218543,46.2585034013605
37.455,97.3509933774834,46.9387755102041
37.46,98.0132450331126,47.6190476190476
37.465,98.6754966887417,48.2993197278912
37.47,99.3377483443709,48.9795918367347
37.475,100,49.6598639455782
37.48,0,50.3401360544218
37.485,0.657894736842105,51.0204081632653
37.49,1.31578947368421,51.7006802721088
37.495,1.97368421052632,52.3809523809524
37.5,2.63157894736842,53.0612244897959
37.505,3.28947368421053,53.7414965986395
37.51,3.94736842105263,54.421768707483
37.515,4.60526315789474,55.1020408163265
37.52,5.26315789473684,55.7823129251701
37.525,5.92105263157895,56.4625850340136
37.53,6.57894736842105,57.1428571428571
37.535,7.23684210526316,57.8231292517007
37.54,7.89473684210526,58.5034013605442
37.545,8.55263157894737,59.1836734693878
37.55,9.21052631578947,59.8639455782313
37.555,9.86842105263158,60.5442176870748
37.56,10.5263157894737,61.2244897959184
37.565,11.1842105263158,61.9047619047619
37.57,11.8421052631579,62.5850340136054
37.575,12.5,63.265306122449
37.58,13.1578947368421,63.9455782312925
37.585,13.8157894736842,64.6258503401361
37.59,14.4736842105263,65.3061224489796
37.595,15.1315789473684,65.9863945578231
37.6,15.7894736842105,66.6666666666667
37.605,16.4473684210526,67.3469387755102
37.61,17.1052631578947,68.0272108843537
37.615,17.7631578947368,68.7074829931973
37.62,18.4210526315789,69.3877551020408
37.625,19.0789473684211,70.0680272108844
37.63,19.7368421052632,70.7482993197279
37.635,20.3947368421053,71.4285714285714
37.64,21.0526315789474,72.108843537415
37.645,21.7105263157895,72.7891156462585
37.65,22.3684210526316,73.469387755102
37.655,23.0263157894737,74.1496598639456
37.66,23.6842105263158,74.8299319727891
37.665,24.3421052631579,75.5102040816327
37.67,25,76.1904761904762
37.675,25.6578947368421,76.8707482993197
37.68,26.3157894736842,77.5510204081633
37.685,26.9736842105263,78.2312925170068
37.69,27.6315789473684,78.9115646258503
37.695,28.2894736842105,79.5918367346939
37.7,28.9473684210526,80.2721088435374
37.705,29.6052631578947,80.9523809523809
37.71,30.2631578947368,81.6326530612245
37.715,30.9210526315789,82.312925170068
37.72,31.5789473684211,82.9931972789116
37.725,32.2368421052632,83.6734693877551
37.73,32.8947368421053,84.3537414965986
37.735,33.5526315789474,85.0340136054422
37.74,34.2105263157895,85.7142857142857
37.745,34.8684210526316,86.3945578231292
37.75,35.5263157894737,87.0748299319728
37.755,36.1842105263158,87.7551020408163
37.76,36.8421052631579,88.4353741496599
37.765,37.5,89.1156462585034
37.77,38.1578947368421,89.7959183673469
37.775,38.8157894736842,90.4761904761905
37.78,39.4736842105263,91.156462585034
37.785,40.1315789473684,91.8367346938775
37.79,40.7894736842105,92.5170068027211
37.795,41.4473684210526,93.1972789115646
37.8,42.1052631578947,93.8775510204082
37.805,42.7631578947368,94.5578231292517
37.81,43.4210526315789,95.2380952380952
37.815,44.0789473684211,95.9183673469388
37.82,44.7368421052632,96.5986394557823
37.825,45.3947368421053,97.2789115646258
37.83,46.0526315789474,97.9591836734694
37.835,46.7105263157895,98.6394557823129
37.84,47.3684210526316,99.3197278911565
37.845,48.0263157894737,100
37.85,48.6842105263158,0
37.855,49.3421052631579,0.645161290322581
37.86,50,1.29032258064516
37.865,50.6578947368421,1.93548387096774
37.87,51.3157894736842,2.58064516129032
37.875,51.9736842105263,3.2258064516129
37.88,52.6315789473684,3.87096774193548
37.885,53.2894736842105,4.51612903225806
37.89,53.9473684210526,5.16129032258065
37.895,54.6052631578947,5.80645161290323
37.9,55.2631578947368,6.45161290322581
37.905,55.9210526315789,7.09677419354839
37.91,56.5789473684211,7.74193548387097
37.915,57.2368421052632,8.38709677419355
37.92,57.8947368421053,9.03225806451613
37.925,58.5526315789474,9.67741935483871
37.93,59.2105263157895,10.3225806451613
37.935,59.8684210526316,10.9677419354839
37.94,60.5263157894737,11.6129032258065
37.945,61.1842105263158,12.258064516129
37.95,61.8421052631579,12.9032258064516
37.955,62.5,13.5483870967742
37.96,63.1578947368421,14.1935483870968
37.965,63.8157894736842,14.8387096774194
37.97,64.4736842105263,15.4838709677419
37.975,65.1315789473684,16.1290322580645
37.98,65.7894736842105,16.7741935483871
37.985,66.4473684210526,17.4193548387097
37.99,67.1052631578947,18.0645161290323
37.995,67.7631578947368,18.7096774193548
38,68.4210526315789,19.3548387096774
38.005,69.0789473684211,20
38.01,69.7368421052632,20.6451612903226
38.015,70.3947368421053,21.2903225806452
38.02,71.0526315789474,21.9354838709677
38.025,71.7105263157895,22.5806451612903
38.03,72.3684210526316,23.2258064516129
38.035,73.0263157894737,23.8709677419355
38.04,73.6842105263158,24.5161290322581
38.045,74.3421052631579,25.1612903225806
38.05,75,25.8064516129032
38.055,75.6578947368421,26.4516129032258
38.06,76.3157894736842,27.0967741935484
38.065,76.9736842105263,27.741935483871
38.07,77.6315789473684,28.3870967741935
38.075,78.2894736842105,29.0322580645161
38.08,78.9473684210526,29.6774193548387
38.085,79.6052631578947,30.3225806451613
38.09,80.2631578947368,30.9677419354839
38.095,80.9210526315789,31.6129032258065
38.1,81.5789473684211,32.258064516129
38.105,82.2368421052632,32.9032258064516
38.11,82.8947368421053,33.5483870967742
38.115,83.5526315789474,34.1935483870968
38.12,84.2105263157895,34.8387096774194
38.125,84.8684210526316,35.4838709677419
38.13,85.5263157894737,36.1290322580645
38.135,86.1842105263158,36.7741935483871
38.14,86.8421052631579,37.4193548387097
38.145,87.5,38.0645161290323
38.15,88.1578947368421,38.7096774193548
38.155,88.8157894736842,39.3548387096774
38.16,89.4736842105263,40
38.165,90.1315789473684,40.6451612903226
38.17,90.7894736842105,41.2903225806452
38.175,91.4473684210526,41.9354838709677
38.18,92.1052631578947,42.5806451612903
38.185,92.7631578947368,43.2258064516129
38.19,93.4210526315789,43.8709677419355
38.195,94.0789473684211,44.5161290322581
38.2,94.7368421052632,45.1612903225806
38.205,95.3947368421053,45.8064516129032
38.21,96.0526315789474,46.4516129032258
38.215,96.7105263157895,47.0967741935484
38.22,97.3684210526316,47.741935483871
38.225,98.0263157894737,48.3870967741936
38.23,98.6842105263158,49.0322580645161
38.235,99.3421052631579,49.6774193548387
38.24,100,50.3225806451613
38.245,0,50.9677419354839
38.25,0.609756097560976,51.6129032258064
38.255,1.21951219512195,52.258064516129
38.26,1.82926829268293,52.9032258064516
38.265,2.4390243902439,53.5483870967742
38.27,3.04878048780488,54.1935483870968
38.275,3.65853658536585,54.8387096774194
38.28,4.26829268292683,55.4838709677419
38.285,4.8780487804878,56.1290322580645
38.29,5.48780487804878,56.7741935483871
38.295,6.09756097560976,57.4193548387097
38.3,6.70731707317073,58.0645161290323
38.305,7.31707317073171,58.7096774193548
38.31,7.92682926829268,59.3548387096774
38.315,8.53658536585366,60
38.32,9.14634146341463,60.6451612903226
38.325,9.75609756097561,61.2903225806452
38.33,10.3658536585366,61.9354838709677
38.335,10.9756097560976,62.5806451612903
38.34,11.5853658536585,63.2258064516129
38.345,12.1951219512195,63.8709677419355
38.35,12.8048780487805,64.5161290322581
38.355,13.4146341463415,65.1612903225806
38.36,14.0243902439024,65.8064516129032
38.365,14.6341463414634,66.4516129032258
38.37,15.2439024390244,67.0967741935484
38.375,15.8536585365854,67.741935483871
38.38,16.4634146341463,68.3870967741936
38.385,17.0731707317073,69.0322580645161
38.39,17.6829268292683,69.6774193548387
38.395,18.2926829268293,70.3225806451613
38.4,18.9024390243902,70.9677419354839
38.405,19.5121951219512,71.6129032258064
38.41,20.1219512195122,72.258064516129
38.415,20.7317073170732,72.9032258064516
38.42,21.3414634146341,73.5483870967742
38.425,21.9512195121951,74.1935483870968
38.43,22.5609756097561,74.8387096774194
38.435,23.1707317073171,75.4838709677419
38.44,23.780487804878,76.1290322580645
38.445,24.390243902439,76.7741935483871
38.45,25,77.4193548387097
38.455,25.609756097561,78.0645161290323
38.46,26.219512195122,78.7096774193548
38.465,26.8292682926829,79.3548387096774
38.47,27.4390243902439,80
38.475,28.0487804878049,80.6451612903226
38.48,28.6585365853659,81.2903225806452
38.485,29.2682926829268,81.9354838709677
38.49,29.8780487804878,82.5806451612903
38.495,30.4878048780488,83.2258064516129
38.5,31.0975609756098,83.8709677419355
38.505,31.7073170731707,84.5161290322581
38.51,32.3170731707317,85.1612903225806
38.515,32.9268292682927,85.8064516129032
38.52,33.5365853658537,86.4516129032258
38.525,34.1463414634146,87.0967741935484
38.53,34.7560975609756,87.741935483871
38.535,35.3658536585366,88.3870967741936
38.54,35.9756097560976,89.0322580645161
38.545,36.5853658536585,89.6774193548387
38.55,37.1951219512195,90.3225806451613
38.555,37.8048780487805,90.9677419354839
38.56,38.4146341463415,91.6129032258064
38.565,39.0243902439024,92.258064516129
38.57,39.6341463414634,92.9032258064516
38.575,40.2439024390244,93.5483870967742
38.58,40.8536585365854,94.1935483870968
38.585,41.4634146341463,94.8387096774194
38.59,42.0731707317073,95.4838709677419
38.595,42.6829268292683,96.1290322580645
38.6,43.2926829268293,96.7741935483871
38.605,43.9024390243902,97.4193548387097
38.61,44.5121951219512,98.0645161290323
38.615,45.1219512195122,98.7096774193548
38.62,45.7317073170732,99.3548387096774
38.625,46.3414634146341,100
38.63,46.9512195121951,0
38.635,47.5609756097561,0.220264317180617
38.64,48.1707317073171,0.440528634361233
38.645,48.780487804878,0.66079295154185
38.65,49.390243902439,0.881057268722467
38.655,50,1.10132158590308
38.66,50.609756097561,1.3215859030837
38.665,51.219512195122,1.54185022026432
38.67,51.8292682926829,1.76211453744493
38.675,52.4390243902439,1.98237885462555
38.68,53.0487804878049,2.20264317180617
38.685,53.6585365853659,2.42290748898678
38.69,54.2682926829268,2.6431718061674
38.695,54.8780487804878,2.86343612334802
38.7,55.4878048780488,3.08370044052863
38.705,56.0975609756098,3.30396475770925
38.71,56.7073170731707,3.52422907488987
38.715,57.3170731707317,3.74449339207048
38.72,57.9268292682927,3.9647577092511
38.725,58.5365853658537,4.18502202643172
38.73,59.1463414634146,4.40528634361233
38.735,59.7560975609756,4.62555066079295
38.74,60.3658536585366,4.84581497797357
38.745,60.9756097560976,5.06607929515418
38.75,61.5853658536585,5.2863436123348
38.755,62.1951219512195,5.50660792951542
38.76,62.8048780487805,5.72687224669604
38.765,63.4146341463415,5.94713656387665
38.77,64.0243902439024,6.16740088105727
38.775,64.6341463414634,6.38766519823789
38.78,65.2439024390244,6.6079295154185
38.785,65.8536585365854,6.82819383259912
38.79,66.4634146341463,7.04845814977974
38.795,67.0731707317073,7.26872246696035
38.8,67.6829268292683,7.48898678414097
38.805,68.2926829268293,7.70925110132159
38.81,68.9024390243902,7.9295154185022
38.815,69.5121951219512,8.14977973568282
38.82,70.1219512195122,8.37004405286344
38.825,70.7317073170732,8.59030837004405
38.83,71.3414634146341,8.81057268722467
38.835,71.9512195121951,9.03083700440529
38.84,72.5609756097561,9.2511013215859
38.845,73.1707317073171,9.47136563876652
38.85,73.780487804878,9.69162995594714
38.855,74.390243902439,9.91189427312775
38.86,75,10.1321585903084
38.865,75.609756097561,10.352422907489
38.87,76.219512195122,10.5726872246696
38.875,76.8292682926829,10.7929515418502
38.88,77.4390243902439,11.0132158590308
38.885,78.0487804878049,11.2334801762115
38.89,78.6585365853659,11.4537444933921
38.895,79.2682926829268,11.6740088105727
38.9,79.8780487804878,11.8942731277533
38.905,80.4878048780488,12.1145374449339
38.91,81.0975609756098,12.3348017621145
38.915,81.7073170731707,12.5550660792952
38.92,82.3170731707317,12.7753303964758
38.925,82.9268292682927,12.9955947136564
38.93,83.5365853658537,13.215859030837
38.935,84.1463414634146,13.4361233480176
38.94,84.7560975609756,13.6563876651982
38.945,85.3658536585366,13.8766519823789
38.95,85.9756097560976,14.0969162995595
38.955,86.5853658536585,14.3171806167401
38.96,87.1951219512195,14.5374449339207
38.965,87.8048780487805,14.7577092511013
38.97,88.4146341463415,14.9779735682819
38.975,89.0243902439024,15.1982378854626
38.98,89.6341463414634,15.4185022026432
38.985,90.2439024390244,15.6387665198238
38.99,90.8536585365854,15.8590308370044
38.995,91.4634146341463,16.079295154185
39,92.0731707317073,16.2995594713656
39.005,92.6829268292683,16.5198237885463
39.01,93.2926829268293,16.7400881057269
39.015,93.9024390243902,16.9603524229075
39.02,94.5121951219512,17.1806167400881
39.025,95.1219512195122,17.4008810572687
39.03,95.7317073170732,17.6211453744493
39.035,96.3414634146341,17.84140969163
39.04,96.9512195121951,18.0616740088106
39.045,97.5609756097561,18.2819383259912
39.05,98.1707317073171,18.5022026431718
39.055,98.780487804878,18.7224669603524
39.06,99.390243902439,18.942731277533
39.065,100,19.1629955947137
39.07,0,19.3832599118943
39.075,0.221238938053097,19.6035242290749
39.08,0.442477876106195,19.8237885462555
39.085,0.663716814159292,20.0440528634361
39.09,0.884955752212389,20.2643171806167
39.095,1.10619469026549,20.4845814977974
39.1,1.32743362831858,20.704845814978
39.105,1.54867256637168,20.9251101321586
39.11,1.76991150442478,21.1453744493392
39.115,1.99115044247788,21.3656387665198
39.12,2.21238938053097,21.5859030837004
39.125,2.43362831858407,21.8061674008811
39.13,2.65486725663717,22.0264317180617
39.135,2.87610619469027,22.2466960352423
39.14,3.09734513274336,22.4669603524229
39.145,3.31858407079646,22.6872246696035
39.15,3.53982300884956,22.9074889867841
39.155,3.76106194690265,23.1277533039648
39.16,3.98230088495575,23.3480176211454
39.165,4.20353982300885,23.568281938326
39.17,4.42477876106195,23.7885462555066
39.175,4.64601769911504,24.0088105726872
39.18,4.86725663716814,24.2290748898678
39.185,5.08849557522124,24.4493392070485
39.19,5.30973451327434,24.6696035242291
39.195,5.53097345132743,24.8898678414097
39.2,5.75221238938053,25.1101321585903
39.205,5.97345132743363,25.3303964757709
39.21,6.19469026548673,25.5506607929515
39.215,6.41592920353982,25.7709251101322
39.22,6.63716814159292,25.9911894273128
39.225,6.85840707964602,26.2114537444934
39.23,7.07964601769912,26.431718061674
39.235,7.30088495575221,26.6519823788546
39.24,7.52212389380531,26.8722466960352
39.245,7.74336283185841,27.0925110132159
39.25,7.9646017699115,27.3127753303965
39.255,8.1858407079646,27.5330396475771
39.26,8.4070796460177,27.7533039647577
39.265,8.6283185840708,27.9735682819383
39.27,8.84955752212389,28.1938325991189
39.275,9.07079646017699,28.4140969162996
39.28,9.29203539823009,28.6343612334802
39.285,9.51327433628319,28.8546255506608
39.29,9.73451327433628,29.0748898678414
39.295,9.95575221238938,29.295154185022
39.3,10.1769911504425,29.5154185022026
39.305,10.3982300884956,29.7356828193833
39.31,10.6194690265487,29.9559471365639
39.315,10.8407079646018,30.1762114537445
39.32,11.0619469026549,30.3964757709251
39.325,11.283185840708,30.6167400881057
39.33,11.5044247787611,30.8370044052863
39.335,11.7256637168142,31.057268722467
39.34,11.9469026548673,31.2775330396476
39.345,12.1681415929204,31.4977973568282
39.35,12.3893805309735,31.7180616740088
39.355,12.6106194690265,31.9383259911894
39.36,12.8318584070796,32.15859030837
39.365,13.0530973451327,32.3788546255507
39.37,13.2743362831858,32.5991189427313
39.375,13.4955752212389,32.8193832599119
39.38,13.716814159292,33.0396475770925
39.385,13.9380530973451,33.2599118942731
39.39,14.1592920353982,33.4801762114537
39.395,14.3805309734513,33.7004405286344
39.4,14.6017699115044,33.920704845815
39.405,14.8230088495575,34.1409691629956
39.41,15.0442477876106,34.3612334801762
39.415,15.2654867256637,34.5814977973568
39.42,15.4867256637168,34.8017621145374
39.425,15.7079646017699,35.0220264317181
39.43,15.929203539823,35.2422907488987
39.435,16.1504424778761,35.4625550660793
39.44,16.3716814159292,35.6828193832599
39.445,16.5929203539823,35.9030837004405
39.45,16.8141592920354,36.1233480176211
39.455,17.0353982300885,36.3436123348018
39.46,17.2566371681416,36.5638766519824
39.465,17.4778761061947,36.784140969163
39.47,17.6991150442478,37.0044052863436
39.475,17.9203539823009,37.2246696035242
39.48,18.141592920354,37.4449339207048
39.485,18.3628318584071,37.6651982378855
39.49,18.5840707964602,37.8854625550661
39.495,18.8053097345133,38.1057268722467
39.5,19.0265486725664,38.3259911894273
39.505,19.2477876106195,38.5462555066079
39.51,19.4690265486726,38.7665198237885
39.515,19.6902654867257,38.9867841409692
39.52,19.9115044247788,39.2070484581498
39.525,20.1327433628319,39.4273127753304
39.53,20.353982300885,39.647577092511
39.535,20.5752212389381,39.8678414096916
39.54,20.7964601769912,40.0881057268723
39.545,21.0176991150442,40.3083700440529
39.55,21.2389380530973,40.5286343612335
39.555,21.4601769911504,40.7488986784141
39.56,21.6814159292035,40.9691629955947
39.565,21.9026548672566,41.1894273127753
39.57,22.1238938053097,41.4096916299559
39.575,22.3451327433628,41.6299559471366
39.58,22.5663716814159,41.8502202643172
39.585,22.787610619469,42.0704845814978
39.59,23.0088495575221,42.2907488986784
39.595,23.2300884955752,42.511013215859
39.6,23.4513274336283,42.7312775330396
39.605,23.6725663716814,42.9515418502203
39.61,23.8938053097345,43.1718061674009
39.615,24.1150442477876,43.3920704845815
39.62,24.3362831858407,43.6123348017621
39.625,24.5575221238938,43.8325991189427
39.63,24.7787610619469,44.0528634361233
39.635,25,44.273127753304
39.64,25.2212389380531,44.4933920704846
39.645,25.4424778761062,44.7136563876652
39.65,25.6637168141593,44.9339207048458
39.655,25.8849557522124,45.1541850220264
39.66,26.1061946902655,45.374449339207
39.665,26.3274336283186,45.5947136563877
39.67,26.5486725663717,45.8149779735683
39.675,26.7699115044248,46.0352422907489
39.68,26.9911504424779,46.2555066079295
39.685,27.212389380531,46.4757709251101
39.69,27.4336283185841,46.6960352422907
39.695,27.6548672566372,46.9162995594714
39.7,27.8761061946903,47.136563876652
39.705,28.0973451327434,47.3568281938326
39.71,28.3185840707965,47.5770925110132
39.715,28.5398230088496,47.7973568281938
39.72,28.7610619469027,48.0176211453744
39.725,28.9823008849558,48.2378854625551
39.73,29.2035398230088,48.4581497797357
39.735,29.4247787610619,48.6784140969163
39.74,29.646017699115,48.8986784140969
39.745,29.8672566371681,49.1189427312775
39.75,30.0884955752212,49.3392070484581
39.755,30.3097345132743,49.5594713656388
39.76,30.5309734513274,49.7797356828194
39.765,30.7522123893805,50
39.77,30.9734513274336,50.2202643171806
39.775,31.1946902654867,50.4405286343612
39.78,31.4159292035398,50.6607929515419
39.785,31.6371681415929,50.8810572687225
39.79,31.858407079646,51.1013215859031
39.795,32.0796460176991,51.3215859030837
39.8,32.3008849557522,51.5418502202643
39.805,32.5221238938053,51.7621145374449
39.81,32.7433628318584,51.9823788546256
39.815,32.9646017699115,52.2026431718062
39.82,33.1858407079646,52.4229074889868
39.825,33.4070796460177,52.6431718061674
39.83,33.6283185840708,52.863436123348
39.835,33.8495575221239,53.0837004405286
39.84,34.070796460177,53.3039647577093
39.845,34.2920353982301,53.5242290748899
39.85,34.5132743362832,53.7444933920705
39.855,34.7345132743363,53.9647577092511
39.86,34.9557522123894,54.1850220264317
39.865,35.1769911504425,54.4052863436123
39.87,35.3982300884956,54.625550660793
39.875,35.6194690265487,54.8458149779736
39.88,35.8407079646018,55.0660792951542
39.885,36.0619469026549,55.2863436123348
39.89,36.283185840708,55.5066079295154
39.895,36.5044247787611,55.726872246696
39.9,36.7256637168142,55.9471365638767
39.905,36.9469026548673,56.1674008810573
39.91,37.1681415929204,56.3876651982379
39.915,37.3893805309735,56.6079295154185
39.92,37.6106194690265,56.8281938325991
39.925,37.8318584070796,57.0484581497797
39.93,38.0530973451327,57.2687224669604
39.935,38.2743362831858,57.488986784141
39.94,38.4955752212389,57.7092511013216
39.945,38.716814159292,57.9295154185022
39.95,38.9380530973451,58.1497797356828
39.955,39.1592920353982,58.3700440528634
39.96,39.3805309734513,58.5903083700441
39.965,39.6017699115044,58.8105726872247
39.97,39.8230088495575,59.0308370044053
39.975,40.0442477876106,59.2511013215859
39.98,40.2654867256637,59.4713656387665
39.985,40.4867256637168,59.6916299559471
39.99,40.7079646017699,59.9118942731277
39.995,40.929203539823,60.1321585903084
40,41.1504424778761,60.352422907489
40.005,41.3716814159292,60.5726872246696
40.01,41.5929203539823,60.7929515418502
40.015,41.8141592920354,61.0132158590308
40.02,42.0353982300885,61.2334801762115
40.025,42.2566371681416,61.4537444933921
40.03,42.4778761061947,61.6740088105727
40.035,42.6991150442478,61.8942731277533
40.04,42.9203539823009,62.1145374449339
40.045,43.141592920354,62.3348017621145
40.05,43.3628318584071,62.5550660792952
40.055,43.5840707964602,62.7753303964758
40.06,43.8053097345133,62.9955947136564
40.065,44.0265486725664,63.215859030837
40.07,44.2477876106195,63.4361233480176
40.075,44.4690265486726,63.6563876651982
40.08,44.6902654867257,63.8766519823789
40.085,44.9115044247788,64.0969162995595
40.09,45.1327433628319,64.3171806167401
40.095,45.353982300885,64.5374449339207
40.1,45.5752212389381,64.7577092511013
40.105,45.7964601769912,64.9779735682819
40.11,46.0176991150442,65.1982378854626
40.115,46.2389380530973,65.4185022026432
40.12,46.4601769911504,65.6387665198238
40.125,46.6814159292035,65.8590308370044
40.13,46.9026548672566,66.079295154185
40.135,47.1238938053097,66.2995594713656
40.14,47.3451327433628,66.5198237885463
40.145,47.5663716814159,66.7400881057269
40.15,47.787610619469,66.9603524229075
40.155,48.0088495575221,67.1806167400881
40.16,48.2300884955752,67.4008810572687
40.165,48.4513274336283,67.6211453744493
40.17,48.6725663716814,67.84140969163
40.175,48.8938053097345,68.0616740088106
40.18,49.1150442477876,68.2819383259912
40.185,49.3362831858407,68.5022026431718
40.19,49.5575221238938,68.7224669603524
40.195,49.7787610619469,68.942731277533
40.2,50,69.1629955947136
40.205,50.2212389380531,69.3832599118943
40.21,50.4424778761062,69.6035242290749
40.215,50.6637168141593,69.8237885462555
40.22,50.8849557522124,70.0440528634361
40.225,51.1061946902655,70.2643171806167
40.23,51.3274336283186,70.4845814977974
40.235,51.5486725663717,70.704845814978
40.24,51.7699115044248,70.9251101321586
40.245,51.9911504424779,71.1453744493392
40.25,52.212389380531,71.3656387665198
40.255,52.4336283185841,71.5859030837004
40.26,52.6548672566372,71.8061674008811
40.265,52.8761061946903,72.0264317180617
40.27,53.0973451327434,72.2466960352423
40.275,53.3185840707965,72.4669603524229
40.28,53.5398230088496,72.6872246696035
40.285,53.7610619469027,72.9074889867841
40.29,53.9823008849558,73.1277533039648
40.295,54.2035398230088,73.3480176211454
40.3,54.4247787610619,73.568281938326
40.305,54.646017699115,73.7885462555066
40.31,54.8672566371681,74.0088105726872
40.315,55.0884955752212,74.2290748898678
40.32,55.3097345132743,74.4493392070485
40.325,55.5309734513274,74.6696035242291
40.33,55.7522123893805,74.8898678414097
40.335,55.9734513274336,75.1101321585903
40.34,56.1946902654867,75.3303964757709
40.345,56.4159292035398,75.5506607929515
40.35,56.6371681415929,75.7709251101322
40.355,56.858407079646,75.9911894273128
40.36,57.0796460176991,76.2114537444934
40.365,57.3008849557522,76.431718061674
40.37,57.5221238938053,76.6519823788546
40.375,57.7433628318584,76.8722466960352
40.38,57.9646017699115,77.0925110132159
40.385,58.1858407079646,77.3127753303965
40.39,58.4070796460177,77.5330396475771
40.395,58.6283185840708,77.7533039647577
40.4,58.8495575221239,77.9735682819383
40.405,59.070796460177,78.1938325991189
40.41,59.2920353982301,78.4140969162996
40.415,59.5132743362832,78.6343612334802
40.42,59.7345132743363,78.8546255506608
40.425,59.9557522123894,79.0748898678414
40.43,60.1769911504425,79.295154185022
40.435,60.3982300884956,79.5154185022026
40.44,60.6194690265487,79.7356828193833
40.445,60.8407079646018,79.9559471365639
40.45,61.0619469026549,80.1762114537445
40.455,61.283185840708,80.3964757709251
40.46,61.5044247787611,80.6167400881057
40.465,61.7256637168142,80.8370044052864
40.47,61.9469026548673,81.057268722467
40.475,62.1681415929204,81.2775330396476
40.48,62.3893805309735,81.4977973568282
40.485,62.6106194690265,81.7180616740088
40.49,62.8318584070796,81.9383259911894
40.495,63.0530973451327,82.15859030837
40.5,63.2743362831858,82.3788546255507
40.505,63.4955752212389,82.5991189427313
40.51,63.716814159292,82.8193832599119
40.515,63.9380530973451,83.0396475770925
40.52,64.1592920353982,83.2599118942731
40.525,64.3805309734513,83.4801762114537
40.53,64.6017699115044,83.7004405286344
40.535,64.8230088495575,83.920704845815
40.54,65.0442477876106,84.1409691629956
40.545,65.2654867256637,84.3612334801762
40.55,65.4867256637168,84.5814977973568
40.555,65.7079646017699,84.8017621145374
40.56,65.929203539823,85.0220264317181
40.565,66.1504424778761,85.2422907488987
40.57,66.3716814159292,85.4625550660793
40.575,66.5929203539823,85.6828193832599
40.58,66.8141592920354,85.9030837004405
40.585,67.0353982300885,86.1233480176211
40.59,67.2566371681416,86.3436123348018
40.595,67.4778761061947,86.5638766519824
40.6,67.6991150442478,86.784140969163
40.605,67.9203539823009,87.0044052863436
40.61,68.141592920354,87.2246696035242
40.615,68.3628318584071,87.4449339207048
40.62,68.5840707964602,87.6651982378855
40.625,68.8053097345133,87.8854625550661
40.63,69.0265486725664,88.1057268722467
40.635,69.2477876106195,88.3259911894273
40.64,69.4690265486726,88.5462555066079
40.645,69.6902654867257,88.7665198237885
40.65,69.9115044247788,88.9867841409692
40.655,70.1327433628319,89.2070484581498
40.66,70.353982300885,89.4273127753304
40.665,70.5752212389381,89.647577092511
40.67,70.7964601769911,89.8678414096916
40.675,71.0176991150443,90.0881057268722
40.68,71.2389380530973,90.3083700440529
40.685,71.4601769911504,90.5286343612335
40.69,71.6814159292035,90.7488986784141
40.695,71.9026548672566,90.9691629955947
40.7,72.1238938053097,91.1894273127753
40.705,72.3451327433628,91.4096916299559
40.71,72.5663716814159,91.6299559471366
40.715,72.787610619469,91.8502202643172
40.72,73.0088495575221,92.0704845814978
40.725,73.2300884955752,92.2907488986784
40.73,73.4513274336283,92.511013215859
40.735,73.6725663716814,92.7312775330396
40.74,73.8938053097345,92.9515418502203
40.745,74.1150442477876,93.1718061674009
40.75,74.3362831858407,93.3920704845815
40.755,74.5575221238938,93.6123348017621
40.76,74.7787610619469,93.8325991189427
40.765,75,94.0528634361233
40.77,75.2212389380531,94.273127753304
40.775,75.4424778761062,94.4933920704846
40.78,75.6637168141593,94.7136563876652
40.785,75.8849557522124,94.9339207048458
40.79,76.1061946902655,95.1541850220264
40.795,76.3274336283186,95.374449339207
40.8,76.5486725663717,95.5947136563877
40.805,76.7699115044248,95.8149779735683
40.81,76.9911504424779,96.0352422907489
40.815,77.212389380531,96.2555066079295
40.82,77.4336283185841,96.4757709251101
40.825,77.6548672566372,96.6960352422907
40.83,77.8761061946903,96.9162995594714
40.835,78.0973451327434,97.136563876652
40.84,78.3185840707965,97.3568281938326
40.845,78.5398230088496,97.5770925110132
40.85,78.7610619469027,97.7973568281938
40.855,78.9823008849557,98.0176211453744
40.86,79.2035398230089,98.2378854625551
40.865,79.4247787610619,98.4581497797357
40.87,79.646017699115,98.6784140969163
40.875,79.8672566371681,98.8986784140969
40.88,80.0884955752212,99.1189427312775
40.885,80.3097345132743,99.3392070484581
40.89,80.5309734513274,99.5594713656388
40.895,80.7522123893805,99.7797356828194
40.9,80.9734513274336,100
40.905,81.1946902654867,0
40.91,81.4159292035398,0.588235294117647
40.915,81.6371681415929,1.17647058823529
40.92,81.858407079646,1.76470588235294
40.925,82.0796460176991,2.35294117647059
40.93,82.3008849557522,2.94117647058824
40.935,82.5221238938053,3.52941176470588
40.94,82.7433628318584,4.11764705882353
40.945,82.9646017699115,4.70588235294118
40.95,83.1858407079646,5.29411764705882
40.955,83.4070796460177,5.88235294117647
40.96,83.6283185840708,6.47058823529412
40.965,83.8495575221239,7.05882352941176
40.97,84.070796460177,7.64705882352941
40.975,84.2920353982301,8.23529411764706
40.98,84.5132743362832,8.82352941176471
40.985,84.7345132743363,9.41176470588235
40.99,84.9557522123894,10
40.995,85.1769911504425,10.5882352941176
41,85.3982300884956,11.1764705882353
41.005,85.6194690265487,11.7647058823529
41.01,85.8407079646018,12.3529411764706
41.015,86.0619469026549,12.9411764705882
41.02,86.283185840708,13.5294117647059
41.025,86.5044247787611,14.1176470588235
41.03,86.7256637168142,14.7058823529412
41.035,86.9469026548673,15.2941176470588
41.04,87.1681415929203,15.8823529411765
41.045,87.3893805309735,16.4705882352941
41.05,87.6106194690265,17.0588235294118
41.055,87.8318584070797,17.6470588235294
41.06,88.0530973451327,18.2352941176471
41.065,88.2743362831858,18.8235294117647
41.07,88.4955752212389,19.4117647058824
41.075,88.716814159292,20
41.08,88.9380530973451,20.5882352941176
41.085,89.1592920353982,21.1764705882353
41.09,89.3805309734513,21.7647058823529
41.095,89.6017699115044,22.3529411764706
