,hip_sagittal
0,10.7819371049879
5,10.6346911720267
10,10.5190544696388
15,10.439736379413
20,10.3964432572765
25,10.385225319538
30,10.4023929830594
35,10.4468475703603
40,10.517696722636
45,10.6081003602475
50,10.7012908728482
55,10.7736244559744
60,10.803135014438
65,10.7777779185013
70,10.6988327133559
75,10.5789106844094
80,10.4357220681194
85,10.2845482834762
90,10.1330622219634
95,9.97991352061957
100,9.81706093603582
105,9.63421393355939
110,9.42240147444174
115,9.17655196685816
120,8.89889206747513
125,8.60215292429691
130,8.30917930626774
135,8.04682064481561
140,7.83698144500242
145,7.69015739348762
150,7.6036773098404
155,7.56372466186704
160,7.54882982813218
165,7.53394194196756
170,7.49432102055148
175,7.40875901544104
180,7.26385323817114
185,7.05827098092198
190,6.80319126196949
195,6.51742713560401
200,6.21947314454944
205,5.92117175523813
210,5.62632679072923
215,5.33276015235113
220,5.03631312524918
225,4.73611052474042
230,4.43792667004199
235,4.15307480880631
240,3.89449090279646
245,3.67293410939278
250,3.49421114442078
255,3.35835315222106
260,3.26077288577499
265,3.19402276469081
270,3.14978953184374
275,3.12115937916084
280,3.10346305314767
285,3.09300504271352
290,3.0850097518637
295,3.0725484897577
300,3.04768892758036
305,3.0043397201257
310,2.94034905699707
315,2.85820998739372
320,2.76511358356666
325,2.67164979933934
330,2.58877772561906
335,2.52382530231742
340,2.47674461612569
345,2.43882192861244
350,2.39516244059251
355,2.33025757063307
360,2.23489912468342
365,2.11055137611937
370,1.96887965583155
375,1.82710415795797
380,1.70150868510863
385,1.60198698775119
390,1.53027436921094
395,1.48183386109472
400,1.44926537589915
405,1.42521120508981
410,1.40306361896982
415,1.37658485718263
420,1.34043513346969
425,1.29040908684966
430,1.22247893101257
435,1.13221564691549
440,1.01658885481867
445,0.876830320080953
450,0.71911471263844
455,0.553344316066337
460,0.391466366908412
465,0.244700593991935
470,0.120419120824911
475,0.0206637310367174
480,-0.05698532048946
485,-0.116903222348338
490,-0.163216265795867
495,-0.197884495861382
500,-0.218371398010176
505,-0.21745758715849
510,-0.187443260013155
515,-0.126284893480319
520,-0.0409950664575976
525,0.0539523722779101
530,0.14078459258964
535,0.202728468477476
540,0.227992095071095
545,0.212630785901135
550,0.161617076714811
555,0.0886696771532788
560,0.0142401223543758
565,-0.039579074973238
570,-0.0562506216017845
575,-0.0298750827006751
580,0.0354933230365212
585,0.129934246758661
590,0.241735673764561
595,0.361296403675513
600,0.483632124925862
605,0.608525587636672
610,0.740492589520866
615,0.889478429050515
620,1.0708868951099
625,1.30323648219379
630,1.60349607930573
635,1.98223190875976
640,2.43980558518008
645,2.96307923286066
650,3.52563715662011
655,4.09540472430131
660,4.64544490003884
665,5.15994104628401
670,5.63460531686074
675,6.07470283775265
680,6.49109747133445
685,6.89423979300573
690,7.28961493686799
695,7.67831750292083
700,8.05936468105833
705,8.42870998851521
710,8.7779250814515
715,9.09707797111393
720,9.37925949728034
725,9.6219827566528
730,9.82662111850492
735,9.99973097573652
740,10.1546647190073
745,10.3087376899957
750,10.4772277627706
755,10.6695940933211
760,10.8885070663802
765,11.1283716637084
770,11.3742770682902
775,11.6055274128763
780,11.8027662916506
785,11.9538373974793
790,12.0569461124639
795,12.1217401523915
800,12.1676859605644
805,12.2185723493054
810,12.2936683432746
815,12.4001414620923
820,12.5316426791611
825,12.673103460488
830,12.8085006355382
835,12.927946717323
840,13.0307775097362
845,13.1231819596046
850,13.2126158131255
855,13.3020563293057
860,13.3863160209893
865,13.4520268217329
870,13.4814348811202
875,13.4591284195234
880,13.3796474512102
885,13.2515419807262
890,13.0938363097487
895,12.926627526253
900,12.76232014591
905,12.6023514069643
910,12.43799922205
915,12.2531923211011
920,12.0304160787575
925,11.7573440285829
930,11.4297901065943
935,11.0514083859265
940,10.6334885108961
945,10.1946077518433
950,9.75630438076649
955,9.33504779189114
960,8.93747672253782
965,8.56271152831505
970,8.20777011779054
975,7.87154553040576
980,7.55674396720711
985,7.27031700685091
990,7.02163634515869
995,6.81771648548386
1000,6.65878336919002
1005,6.53786874669194
1010,6.44388276249233
1015,6.36604789945705
1020,6.29868878229797
1025,6.24485326858246
1030,6.21582541760105
1035,6.22593585384752
1040,6.2860425633436
1045,6.3981618106642
1050,6.55172229781488
1055,6.72394626246551
1060,6.88440227637727
1065,7.00026395381898
1070,7.04159141538499
1075,6.98784564131485
1080,6.83347262293879
1085,6.58876972187737
1090,6.27545363688812
1095,5.92066114975303
1100,5.55232925820563
1105,5.19591869182714
1110,4.87139707058216
1115,4.58938519393976
1120,4.34820350320226
1125,4.13615043114716
1130,3.93836094362197
1135,3.74442679455003
1140,3.55306821712369
1145,3.37183003984806
1150,3.21340615073648
1155,3.09070817766638
1160,3.0112827020735
1165,2.97420561444188
1170,2.97165685157835
1175,2.99244660620901
1180,3.02482178965108
1185,3.0590436613843
1190,3.08961152176323
1195,3.11573043882722
1200,3.13964058066861
1205,3.16471799553977
1210,3.19530262113259
1215,3.23690156865231
1220,3.2941408004396
1225,3.36792118217898
1230,3.45462428811731
1235,3.54603390975781
1240,3.62905316549805
1245,3.68822627186392
1250,3.71135914645219
1255,3.69400228728461
1260,3.64051944831855
1265,3.56225444394278
1270,3.47405834479129
1275,3.39004045773536
1280,3.31910014769303
1285,3.26255487934761
1290,3.21522685603372
1295,3.16821542225329
1300,3.11166789235311
1305,3.03805492147628
1310,2.94521301790363
1315,2.83693840034868
1320,2.72160953822021
1325,2.61021776101564
1330,2.5133288502411
1335,2.43750165029291
1340,2.38379656415309
1345,2.3496701562385
1350,2.33226477400149
1355,2.33014360139346
1360,2.34217534120501
1365,2.36547528084176
1370,2.39505050931111
1375,2.42548847613625
1380,2.45364590147063
1385,2.47971679743314
1390,2.50511387304385
1395,2.52978830863733
1400,2.55180242997805
1405,2.5685464310885
1410,2.57811224274137
1415,2.57985429704489
1420,2.57353769744119
1425,2.55777442665997
1430,2.52965096132195
1435,2.48751437126242
1440,2.43460301095594
1445,2.37922833481757
1450,2.33037046265362
1455,2.29142956760774
1460,2.25630826218636
1465,2.20997518045499
1470,2.13428963862837
1475,2.01690635797603
1480,1.85857514855109
1485,1.67385349960291
1490,1.48419847793722
1495,1.30721535587745
1500,1.14882192154271
1505,1.00347257692596
1510,0.861128840400411
1515,0.716044474870313
1520,0.572784297748032
1525,0.446025095330348
1530,0.353724743035887
1535,0.307566244306994
1540,0.307020612014567
1545,0.339857476467968
1550,0.387279825365561
1555,0.430969431419836
1560,0.459593896244271
1565,0.471648460125304
1570,0.472625246333365
1575,0.468355073835754
1580,0.460465608253637
1585,0.447424207620767
1590,0.427524009765
1595,0.400289168565875
1600,0.3665905447322
1605,0.328959879238299
1610,0.291307948772317
1615,0.257056047838307
1620,0.227739798561842
1625,0.203721233394875
1630,0.184829058079188
1635,0.170470932337179
1640,0.160128608638061
1645,0.153635894328084
1650,0.150883776732469
1655,0.150409624186742
1660,0.148027052283787
1665,0.137792943662719
1670,0.114404374472512
1675,0.0757611270514288
1680,0.0257991717666971
1685,-0.024628964444369
1690,-0.0610324358566038
1695,-0.0717520367446805
1700,-0.0540442313478098
1705,-0.0162242918309264
1710,0.0259529937193196
1715,0.0573562246585152
1720,0.0715245715495316
1725,0.073878629296946
1730,0.0776320813705891
1735,0.0952384087740747
1740,0.132034760508372
1745,0.185614416177311
1750,0.248648910358058
1755,0.312575630462487
1760,0.371022492802674
1765,0.421654444734677
1770,0.465645176322239
1775,0.504814611459813
1780,0.53846006777859
1785,0.562746476313972
1790,0.572831193906839
1795,0.565271754872365
1800,0.539805287879661
1805,0.500064111806208
1810,0.45269661079466
1815,0.406637317843346
1820,0.372842626689199
1825,0.362349067718995
1830,0.382461135115843
1835,0.433656383290885
1840,0.508992707056864
1845,0.596069181570075
1850,0.680431978173507
1855,0.749404935767827
1860,0.795704952917802
1865,0.819004347512736
1870,0.824497973357141
1875,0.820427276379571
1880,0.815763546069144
1885,0.816981450049714
1890,0.824806331345662
1895,0.833056196140489
1900,0.830102950037327
1905,0.802393977430087
1910,0.738290788892312
1915,0.631274998264091
1920,0.482495733119613
1925,0.301090311773846
1930,0.101104650002651
1935,-0.102636594658559
1940,-0.297209854920371
1945,-0.473113844884524
1950,-0.624960310758301
1955,-0.751451690944329
1960,-0.854297511754877
1965,-0.935547429902166
1970,-0.99415516920861
1975,-1.02338497285651
1980,-1.01257617658973
1985,-0.954584909399511
1990,-0.853694590507673
1995,-0.728234239503846
2000,-0.606612927749114
2005,-0.519354483907928
2010,-0.490170733560691
2015,-0.528089887331156
2020,-0.62414814427702
2025,-0.755593061567935
2030,-0.895549695669248
2035,-1.02356011891821
2040,-1.13151513511203
2045,-1.22239753544875
2050,-1.3046485070507
2055,-1.38590606595206
2060,-1.46914314032408
2065,-1.55255830932906
2070,-1.63166570295432
2075,-1.70144363581947
2080,-1.75839125830245
2085,-1.8023085253127
2090,-1.83676514077606
2095,-1.86780757540823
2100,-1.90142877061276
2105,-1.94013043348815
2110,-1.97944412124911
2115,-2.00761747883046
2120,-2.00988674162958
2125,-1.97435187973832
2130,-1.89647482435925
2135,-1.7813258830156
2140,-1.64352933827787
2145,-1.50418270384176
2150,-1.38482246208144
2155,-1.30062647802036
2160,-1.25606241308755
2165,-1.24476738719881
2170,-1.25374975104491
2175,-1.27053791053464
2180,-1.28982958454587
2185,-1.31531128255317
2190,-1.3551965589233
2195,-1.41608315244416
2200,-1.50084212579259
2205,-1.60999728702155
2210,-1.74239566459649
2215,-1.89425129495415
2220,-2.05821016538664
2225,-2.22249589232638
2230,-2.37200220429935
2235,-2.49332577769069
2240,-2.58034311055464
2245,-2.6358994423302
2250,-2.66897798291937
2255,-2.68956980854578
2260,-2.70446572447148
2265,-2.7153387102466
2270,-2.71864720720051
2275,-2.7079653736565
2280,-2.67831399483751
2285,-2.62967514090815
2290,-2.56787193667664
2295,-2.50270529023484
2300,-2.44387508036138
2305,-2.39629473939327
2310,-2.35760541461321
2315,-2.31949262355029
2320,-2.27223568376467
2325,-2.210180563971
2330,-2.13425406691408
2335,-2.05042468648849
2340,-1.9664830398767
2345,-1.88854521506509
2350,-1.81834493557418
2355,-1.75345575182701
2360,-1.69049358025371
2365,-1.62887663012742
2370,-1.57314313476252
2375,-1.5328574730598
2380,-1.52019491529406
2385,-1.54647384527503
2390,-1.61866307461537
2395,-1.73680626106164
2400,-1.8929577679599
2405,-2.07175988960771
2410,-2.25270494077252
2415,-2.41412096032652
2420,-2.53769797567872
2425,-2.61303616018382
2430,-2.64140099887995
2435,-2.63608668144575
2440,-2.61805948868709
2445,-2.60884998108624
2450,-2.62272420806756
2455,-2.66010222189476
2460,-2.70558785373936
2465,-2.73276212201755
2470,-2.71572144490061
2475,-2.64213228253769
2480,-2.52026138342405
2485,-2.37675881611175
2490,-2.24560627037173
2495,-2.15336042122944
2500,-2.10865485954949
2505,-2.10017476889987
2510,-2.10238431253937
2515,-2.08617738052512
2520,-2.03058125068819
2525,-1.93148633025648
2530,-1.80300125915785
2535,-1.6703646591872
2540,-1.55911501204804
2545,-1.48556055027577
2550,-1.45203841739359
2555,-1.44874865935878
2560,-1.46111761821414
2565,-1.47831491454187
2570,-1.49730231859567
2575,-1.52140875448181
2580,-1.55711258235169
2585,-1.61133851152373
2590,-1.68879053140657
2595,-1.79061922433383
2600,-1.91449330165838
2605,-2.05463727399623
2610,-2.20171425920731
2615,-2.34355226002226
2620,-2.46740894610568
2625,-2.56301311824369
2630,-2.62499088885556
2635,-2.65403863722625
2640,-2.65603690902555
2645,-2.63954222363795
2650,-2.61322445153979
2655,-2.58347393481059
2660,-2.55231599631079
2665,-2.51643268784731
2670,-2.46875145547426
2675,-2.40286322327093
2680,-2.31751757695989
2685,-2.21888517503019
2690,-2.11955021940352
2695,-2.03378612149723
2700,-1.97150418152472
2705,-1.93460409669074
2710,-1.9178565364906
2715,-1.9133205038562
2720,-1.91431998662807
2725,-1.91624605289024
2730,-1.91650240650678
2735,-1.91566824315565
2740,-1.91782892844165
2745,-1.92926425165623
2750,-1.95615715598093
2755,-2.00114344902051
2760,-2.06000851341564
2765,-2.12203901664316
2770,-2.17486324042104
2775,-2.21090920675425
2780,-2.23154324915852
2785,-2.24697502066356
2790,-2.27276252611206
2795,-2.32358793753085
2800,-2.40593997510627
2805,-2.51409299867846
2810,-2.63219559458346
2815,-2.73972768599096
2820,-2.8171929953348
2825,-2.85131118835221
2830,-2.83807480847687
2835,-2.78221504609008
2840,-2.69441512735699
2845,-2.5881312407097
2850,-2.47672249206829
2855,-2.37151495837501
2860,-2.28099365206181
2865,-2.21105008379399
2870,-2.16598107229945
2875,-2.14768644210869
2880,-2.15265523532266
2885,-2.17029134546753
2890,-2.18463398867909
2895,-2.17902522740432
2900,-2.14295020769455
2905,-2.07843160693569
2910,-2.00140307253616
2915,-1.93658011892715
2920,-1.90844149995994
2925,-1.9316192071751
2930,-2.00456625010673
2935,-2.10939085633327
2940,-2.21814457790742
2945,-2.30322970795789
2950,-2.34737173471141
2955,-2.34960969695164
2960,-2.32533904790374
2965,-2.29960213513965
2970,-2.29560130168477
2975,-2.32441356443621
2980,-2.38130671238343
2985,-2.44936837209376
2990,-2.50731938455736
2995,-2.53729300502018
3000,-2.53001420871335
3005,-2.4856368919572
3010,-2.41036591201073
3015,-2.31249584980737
3020,-2.20093470901707
3025,-2.08514466679035
3030,-1.97451332771849
3035,-1.87668184803032
3040,-1.79625829639858
3045,-1.73400012481571
3050,-1.68533926877912
3055,-1.64015641173613
3060,-1.585681712894
3065,-1.51091482405998
3070,-1.41023808764625
3075,-1.28580765731073
3080,-1.14865716400278
3085,-1.01664271876704
3090,-0.908423067942247
3095,-0.836497560926042
3100,-0.80431250272225
3105,-0.807779768498557
3110,-0.838744074815064
3115,-0.888355400521684
3120,-0.949037367275497
3125,-1.01453048860933
3130,-1.07788023018298
3135,-1.13015936009849
3140,-1.16219198624685
3145,-1.1681056422747
3150,-1.14884983096063
3155,-1.11398292628581
3160,-1.07909938118818
3165,-1.05870228135215
3170,-1.05891291469834
3175,-1.07498342878511
3180,-1.09481829183107
3185,-1.1050808453344
3190,-1.0966853447074
3195,-1.06843936123443
3200,-1.02771542596905
3205,-0.987553931450245
3210,-0.960893655737088
3215,-0.955167007334511
3220,-0.970216276990886
3225,-0.999383812258416
3230,-1.03284773145776
3235,-1.06227063959786
3240,-1.08342738414762
3245,-1.09535887236924
3250,-1.09910715007004
3255,-1.09722577002841
3260,-1.0928811539284
3265,-1.08901250606178
3270,-1.08794097542294
3275,-1.09075528758898
3280,-1.09632205979372
3285,-1.10100864976975
3290,-1.09992861428029
3295,-1.08922223379024
3300,-1.06786547470393
3305,-1.03809256376778
3310,-1.00510768216181
3315,-0.975805839357776
3320,-0.956188361469615
3325,-0.948688016894764
3330,-0.950194228018099
3335,-0.95123488184784
3340,-0.938283231812582
3345,-0.8993683675288
3350,-0.829465912508051
3355,-0.73336685572755
3360,-0.625258109332752
3365,-0.524348649083988
3370,-0.447801848423593
3375,-0.40468355263084
3380,-0.394229268908245
3385,-0.408922021882667
3390,-0.439808194030247
3395,-0.480789151583206
3400,-0.530736226155902
3405,-0.592688889067924
3410,-0.669863221589281
3415,-0.761769388559747
3420,-0.863270235093389
3425,-0.965459003479088
3430,-1.05732092880388
3435,-1.12826356183532
3440,-1.17078456536996
3445,-1.18190966630246
3450,-1.16223712113735
3455,-1.11330777448047
3460,-1.03693955495135
3465,-0.937291142783177
3470,-0.822339844060663
3475,-0.703629945677937
3480,-0.595845775694409
3485,-0.516103986280929
3490,-0.480994378104272
3495,-0.501395069243772
3500,-0.578742918456726
3505,-0.705574707850773
3510,-0.868120891451505
3515,-1.04906122084415
3520,-1.23134205603381
3525,-1.40209582983525
3530,-1.55453521388687
3535,-1.6866146504599
3540,-1.79830733693764
3545,-1.88987350344036
3550,-1.96142703065031
3555,-2.01379320373323
3560,-2.04984183285094
3565,-2.07403020750856
3570,-2.09045434348393
3575,-2.10117002175706
3580,-2.10590681139006
3585,-2.10324449914334
3590,-2.09230605709965
3595,-2.0736226475328
3600,-2.04827366243052
3605,-2.01585809360701
3610,-1.97347100978106
3615,-1.91716330704055
3620,-1.84534546729097
3625,-1.76277528846763
3630,-1.68233460252254
3635,-1.62276361547641
3640,-1.60269343686285
3645,-1.63328258697846
3650,-1.71422894180646
3655,-1.83542926317824
3660,-1.98057366887944
3665,-2.13019399519343
3670,-2.26574186461946
3675,-2.3762046615214
3680,-2.46420861116606
3685,-2.54677168068576
3690,-2.64913455807847
3695,-2.79329016952589
3700,-2.98595427643881
3705,-3.21351398477196
3710,-3.4475892475902
3715,-3.65746438689728
3720,-3.82172880709706
3725,-3.93465699384858
3730,-4.0070907743422
3735,-4.06093919857006
3740,-4.11909893596559
3745,-4.1965843473507
3750,-4.29672538364748
3755,-4.41273935541145
3760,-4.53281761998895
3765,-4.64587973652635
3770,-4.74616350255995
3775,-4.83435463286789
3780,-4.91418678306144
3785,-4.98817964612568
3790,-5.05721871261578
3795,-5.12294129896893
3800,-5.18867822245908
3805,-5.25798836589353
3810,-5.33298575640064
3815,-5.41440028853889
3820,-5.50287392289087
3825,-5.59961841611381
3830,-5.7062637441004
3835,-5.82412261109742
3840,-5.95222761299545
3845,-6.08609943519324
3850,-6.22112940631789
3855,-6.3586631009401
3860,-6.50820686302338
3865,-6.68422674035529
3870,-6.90118939783512
3875,-7.16840173380491
3880,-7.48486537307779
3885,-7.83637600561468
3890,-8.19835233659279
3895,-8.54363352770262
3900,-8.84975646668598
3905,-9.10323791865997
3910,-9.30257780919909
3915,-9.45911203951341
3920,-9.59250088834573
3925,-9.72227245699029
3930,-9.86065311548347
3935,-10.0099462989697
3940,-10.1644013846357
3945,-10.3142541474585
3950,-10.4495091424935
3955,-10.5618467425638
3960,-10.6441600283868
3965,-10.6899928691949
3970,-10.6964692079132
3975,-10.669160606059
3980,-10.6241718025789
3985,-10.5856497641718
3990,-10.5788024001022
3995,-10.6198558083177
4000,-10.7079903997758
4005,-10.8244738897076
4010,-10.9402213944136
4015,-11.0277360992321
4020,-11.0713533916157
4025,-11.0720708396235
4030,-11.0460209510652
4035,-11.0176751041168
4040,-11.0109324512138
4045,-11.0417027875492
4050,-11.1144718983476
4055,-11.2230705011503
4060,-11.3534587718549
4065,-11.4876144933138
4070,-11.6077088561711
4075,-11.6993916572865
4080,-11.753746768453
4085,-11.7675683816729
4090,-11.7418759610706
4095,-11.679223539032
4100,-11.5813687395545
4105,-11.449111211273
4110,-11.2831527134157
4115,-11.0841998769824
4120,-10.8535895532794
4125,-10.5949449409493
4130,-10.3139977812823
4135,-10.0151715656527
4140,-9.69837150015606
4145,-9.3589567558071
4150,-8.98882251715127
4155,-8.57672028584918
4160,-8.1112890338344
4165,-7.58667851262786
4170,-7.0050049223546
4175,-6.37342478138522
4180,-5.70152742472182
4185,-5.00236174037606
4190,-4.2917998372813
4195,-3.58420751536151
4200,-2.89030987453562
4205,-2.21848420249889
4210,-1.57361808935307
4215,-0.953441495608406
4220,-0.349093547546025
4225,0.248652977896083
4230,0.843521681004626
4235,1.43283900432182
4240,2.00975808394772
4245,2.56516275124449
4250,3.09083087649062
4255,3.58463364735666
4260,4.05328758107126
4265,4.50978424790075
4270,4.96906007191093
4275,5.4451897623464
4280,5.94855318017567
4285,6.48271807630645
4290,7.04397312468897
4295,7.62571804288195
4300,8.22499535693698
4305,8.84548478174999
4310,9.49593785619547
4315,10.1865096366575
4320,10.9220589938028
4325,11.6939966707857
4330,12.4796660412017
4335,13.2528115156626
4340,13.995216215606
4345,14.7009457511486
4350,15.3743773754432
4355,16.0260257115556
4360,16.667270054445
4365,17.3040449316743
4370,17.9338302234164
4375,18.5503033692626
4380,19.1499235962271
4385,19.7330557578077
4390,20.3024726919711
4395,20.8630369029304
4400,21.419225167225
4405,21.9696792095149
4410,22.5043406646296
4415,23.0073250178894
4420,23.4615972028661
4425,23.8508419029434
4430,24.161775700354
4435,24.3893580779644
4440,24.539637821425
4445,24.6268059516245
4450,24.6673907539132
4455,24.675214345207
4460,24.6586255813566
4465,24.6204605506306
4470,24.5603157205528
4475,24.47776370361
4480,24.3754976537629
4485,24.2611398344263
4490,24.1464007583784
4495,24.0432039252455
4500,23.95802085234
4505,23.8872030311147
4510,23.8155857939566
4515,23.7187470604393
4520,23.5694547004551
4525,23.3462964627401
4530,23.0401560219551
4535,22.6574529776646
4540,22.2227729581692
4545,21.778877083906
4550,21.3769560586969
4555,21.0568008561529
4560,20.8298376246798
4565,20.6756600350289
4570,20.551397487125
4575,20.4093299470076
4580,20.2169184384527
4585,19.9699929504282
4590,19.6915257105368
4595,19.4177262427601
4600,19.1813986179717
4605,19.0017534433067
4610,18.8826811236739
4615,18.8175358100626
4620,18.7957750596708
4625,18.8073135430134
4630,18.8445033512065
4635,18.9023363848283
4640,18.9777314432728
4645,19.0689923829132
4650,19.1741267978034
4655,19.287406140512
4660,19.3953554896799
4665,19.4751131017573
4670,19.4978711174938
4675,19.4374076953371
4680,19.2819782658495
4685,19.0434704457274
4690,18.756770297652
4695,18.4692241749224
4700,18.2271524529337
4705,18.0659356392014
4710,18.0052887801619
4715,18.048963911494
4720,18.1878383643635
4725,18.4037912419431
4730,18.6724744825111
4735,18.9651715667341
4740,19.2501176624082
4745,19.4940288645745
4750,19.6651440426479
4755,19.7389815655599
4760,19.7045543245487
4765,19.5654081098353
4770,19.3339490434618
4775,19.0240669905565
4780,18.6479279487907
4785,18.2181105412313
4790,17.7509147549883
4795,17.2670210599552
4800,16.7909307483193
4805,16.3499625173915
4810,15.9703992618823
4815,15.671663196604
4820,15.4623893409676
4825,15.339305125805
4830,15.2869496417065
4835,15.2774090153299
4840,15.272188757758
4845,15.2289479188448
4850,15.1112378396943
4855,14.8962747007732
4860,14.5787208968623
4865,14.1700451630763
4870,13.6934712878751
4875,13.1758202949765
4880,12.6395575905238
4885,12.0991674150654
4890,11.5623085200339
4895,11.0320104849138
4900,10.5090405118245
4905,9.9952421849506
4910,9.49447696930837
4915,9.00960173947484
4920,8.54004392749696
4925,8.08379961792792
4930,7.64058710996653
4935,7.21119543789604
4940,6.79550421626881
4945,6.39377377475583
4950,6.00854471438837
4955,5.64189903480127
4960,5.29105962709427
4965,4.94738884467097
4970,4.59702497836546
4975,4.22206070904126
4980,3.80509836712634
4985,3.33614984919046
4990,2.81638208227293
4995,2.25671526917208
5000,1.67506594950464
5005,1.09473847364649
5010,0.54083740777581
5015,0.033321610553531
5020,-0.41852930815348
5025,-0.817090171547645
5030,-1.17500236222076
5035,-1.51275635848262
5040,-1.85401277870342
5045,-2.2183127781171
5050,-2.614364911657
5055,-3.0383486874044
5060,-3.47607242250941
5065,-3.90587118769378
5070,-4.30363331572875
5075,-4.65095794337887
5080,-4.94262233724631
5085,-5.18850541736988
5090,-5.41026370468534
5095,-5.6363885401165
5100,-5.8948290870916
5105,-6.20330412921198
5110,-6.56378084168899
5115,-6.96448933885072
5120,-7.38471951458397
5125,-7.7996964153503
5130,-8.18862587103819
5135,-8.54435591033951
5140,-8.87550241661822
5145,-9.19822598083153
5150,-9.5256787514366
5155,-9.86265706594087
5160,-10.205752493432
5165,-10.5462903920302
5170,-10.8752205451655
5175,-11.188191526296
5180,-11.4862988483536
5185,-11.771947110441
5190,-12.0450156263073
5195,-12.3024594364655
5200,-12.5393603133636
5205,-12.7495160962269
5210,-12.9265383890791
5215,-13.0646612545951
5220,-13.1576154772414
5225,-13.1971568952709
5230,-13.1736194430484
5235,-13.0797148239922
5240,-12.9156191782212
5245,-12.6916838363053
5250,-12.4254684429355
5255,-12.1336903687312
5260,-11.8248198429539
5265,-11.4977722580966
5270,-11.1452333891534
5275,-10.7583654196182
5280,-10.3311781478112
5285,-9.86291983366916
5290,-9.35686100827817
5295,-8.81633871375343
5300,-8.24431982334529
5305,-7.6480567782
5310,-7.0409678701416
5315,-6.4377769968937
5320,-5.84887964926582
5325,-5.27853503455813
5330,-4.72476245185675
5335,-4.17991518303557
5340,-3.63538881656525
5345,-3.08893453856817
5350,-2.54601526309469
5355,-2.01379105752981
5360,-1.49708518892135
5365,-1.0001875311665
5370,-0.528730900460199
5375,-0.0878413532122393
5380,0.321216367515905
5385,0.702633968494202
5390,1.06587439316308
5395,1.42561053276892
5400,1.80105805119834
5405,2.21203302621948
5410,2.67373770677576
5415,3.19400892205453
5420,3.77253337091482
5425,4.40117335838792
5430,5.06705457933043
5435,5.75768286090272
5440,6.46361004662162
5445,7.176745368052
5450,7.88896438335987
5455,8.5955048357559
5460,9.29792743096878
5465,10.0007222496041
5470,10.7058835224321
5475,11.4110737782748
5480,12.1081225615213
5485,12.7796141867762
5490,13.3998560448191
5495,13.9456361369886
5500,14.4101227615815
5505,14.8084718850968
5510,15.1732349840704
5515,15.5438867658944
5520,15.9524480906033
5525,16.4106817107808
5530,16.9080745424381
5535,17.4208200954851
5540,17.921563517483
5545,18.3837706526906
5550,18.7845812509279
5555,19.1094224847178
5560,19.3542415527361
5565,19.5224055524991
5570,19.6200615908383
5575,19.6536346069952
5580,19.6292072391079
5585,19.5530355234766
5590,19.4323161898387
5595,19.27462095245
5600,19.0857613900499
5605,18.8672840384182
5610,18.6153283699361
5615,18.3229676748925
5620,17.9874760014933
5625,17.6180430619303
5630,17.2359263811991
5635,16.8657650293328
5640,16.5256923958773
5645,16.2225003400999
5650,15.9518837052071
5655,15.7018476136642
5660,15.4597471193781
5665,15.2203714109733
5670,14.9894658461317
5675,14.7817745389312
5680,14.6165682523435
5685,14.5125448294824
5690,14.4813020048842
5695,14.5211326761586
5700,14.6152441075605
5705,14.7358850340595
5710,14.8536110170851
5715,14.9483353722493
5720,15.0163062859494
5725,15.0705676189503
5730,15.1358747814227
5735,15.2398021531154
5740,15.4012336982787
5745,15.6193265125824
5750,15.8707379419902
5755,16.1180480369945
5760,16.3226064044912
5765,16.4544654573448
5770,16.4971228644054
5775,16.447549415256
5780,16.3122011462404
5785,16.1012539695162
5790,15.824722420099
5795,15.4928981170971
5800,15.1216310764003
5805,14.7384042714959
5810,14.3816480521341
5815,14.0911086618262
5820,13.8965056658394
5825,13.8130782671124
5830,13.8440977162404
5835,13.9842686794129
5840,14.2199621512919
5845,14.5271040334263
5850,14.8709185355496
5855,15.2105824580639
5860,15.5060869227457
5865,15.7225818638757
5870,15.8325692004001
5875,15.8194759419156
5880,15.6820142119733
5885,15.4350850460745
5890,15.1041038686311
5895,14.7164856441204
5900,14.2977117799141
5905,13.8716199313963
5910,13.458949559998
5915,13.073532597495
5920,12.7201405734483
5925,12.3956174954501
5930,12.09154860238
5935,11.7970768937092
5940,11.5021146575443
5945,11.2006804554088
5950,10.8913244927574
5955,10.5737285772871
5960,10.2457076693512
5965,9.9032801759959
5970,9.54183393377664
5975,9.15735129256586
5980,8.74962290704871
5985,8.32651864846846
5990,7.90338231577031
5995,7.49419733027568
6000,7.1029758474166
6005,6.7240699503839
6010,6.34796057432034
6015,5.96581100926377
6020,5.57213081082159
6025,5.16640850713912
6030,4.75150677269377
6035,4.32910153751384
6040,3.89843609873975
6045,3.4606195740928
6050,3.02206765983645
6055,2.59315001493742
6060,2.18560455664706
6065,1.81038426259399
6070,1.47392166312011
6075,1.17328302550923
6080,0.894629189716481
6085,0.61810731163136
6090,0.326621367431784
6095,0.0136698351859909
6100,-0.31275948996309
6105,-0.632546420221678
6110,-0.922177760467947
6115,-1.16654692245067
6120,-1.36720005649712
6125,-1.54156515823712
6130,-1.71500669686832
6135,-1.91053554691444
6140,-2.14032380929329
6145,-2.40211514807069
6150,-2.68259308547694
6155,-2.96721105837065
6160,-3.24927517519146
6165,-3.53152876958228
6170,-3.82221499462923
6175,-4.130740277725
6180,-4.4645656521669
6185,-4.8269634952496
6190,-5.21631086501547
6195,-5.62742345630017
6200,-6.0518882488638
6205,-6.47721536519085
6210,-6.88922299809102
6215,-7.27748323535882
6220,-7.6382727815312
6225,-7.97352842949227
6230,-8.28899354479661
6235,-8.59334269489177
6240,-8.89551575434221
6245,-9.19888561137634
6250,-9.49730142385268
6255,-9.77757510630962
6260,-10.0264145579815
6265,-10.2358961355763
6270,-10.4055991749299
6275,-10.5435517371882
6280,-10.6646586826946
6285,-10.7845042198047
6290,-10.9120847137872
6295,-11.0470412010346
6300,-11.1819506825148
6305,-11.3057775848861
6310,-11.4070874265518
6315,-11.4788470414842
6320,-11.5230721299415
6325,-11.55141104941
6330,-11.5801613945891
6335,-11.6225825640121
6340,-11.6823564947091
6345,-11.7509980809655
6350,-11.8116425034305
6355,-11.8473492573992
6360,-11.8477753319078
6365,-11.8110725234962
6370,-11.7412653857178
6375,-11.6427596820552
6380,-11.5160703178279
6385,-11.3572034713483
6390,-11.1576600078874
6395,-10.9037625099748
6400,-10.5793980952598
6405,-10.1730532672425
6410,-9.6833376480845
6415,-9.11857431217614
6420,-8.49400427654254
6425,-7.83042838095412
6430,-7.15090761866372
6435,-6.47424979490877
6440,-5.81241642651736
6445,-5.17362232390215
6450,-4.56411106817882
6455,-3.98575901705508
6460,-3.43449570985675
6465,-2.9039060581742
6470,-2.38959130820118
6475,-1.8890026460303
6480,-1.40024059018683
6485,-0.922590770594736
6490,-0.455133933655834
6495,0.0073323704132561
6500,0.476477480383167
6505,0.967341165132798
6510,1.49185950698072
6515,2.05290385842216
6520,2.64127179769664
6525,3.23858967283771
6530,3.8276477504189
6535,4.40371111100833
6540,4.97652414891026
6545,5.56294871193095
6550,6.17980149492428
6555,6.84167237693182
6560,7.55993963857513
6565,8.33905149112286
6570,9.17265724442744
6575,10.0429963512481
6580,10.9213825114959
6585,11.7703914307728
6590,12.5524991807693
6595,13.2437017777827
6600,13.8425453936488
6605,14.3683423165242
6610,14.8523571212853
6615,15.3285399435009
6620,15.8252088367966
6625,16.357786068406
6630,16.9261474079887
6635,17.5183038394277
6640,18.1155908270975
6645,18.6944344192944
6650,19.2287383662874
6655,19.6966205999637
6660,20.0875689259792
6665,20.4049035528527
6670,20.6625229302758
6675,20.8776538569431
6680,21.062672291303
6685,21.2196362059973
6690,21.3411030757537
6695,21.4171224160933
6700,21.4434300720154
6705,21.4260744080854
6710,21.3798768723574
6715,21.3219386867217
6720,21.2640809934391
6725,21.2072822640667
6730,21.1399135844745
6735,21.040169763008
6740,20.8836672044031
6745,20.6544539940305
6750,20.3523675042304
6755,19.9924848066666
6760,19.6000979854072
6765,19.2044293024935
6770,18.8299418712216
6775,18.4869874062842
6780,18.1701096367322
6785,17.8671283540681
6790,17.5701775425424
6795,17.2796913308654
6800,17.0025604110776
6805,16.751189380021
6810,16.5423947149736
6815,16.3911046960843
6820,16.3027621526441
6825,16.2715276022288
6830,16.2840901786322
6835,16.3247426893514
6840,16.3796120841388
6845,16.4395673727353
6850,16.5008626854491
6855,16.5625475751009
6860,16.6227856618572
6865,16.677696329417
6870,16.723673525769
6875,16.7612578223053
6880,16.7969828608205
6885,16.8397728516044
6890,16.8936108449231
6895,16.95163973257
6900,16.9947841620385
6905,16.9948259532811
6910,16.9214012772364
6915,16.7523245656986
6920,16.4841521739874
6925,16.1373167950538
6930,15.7524228965502
6935,15.3784060232525
6940,15.0597975225658
6945,14.8312310939533
6950,14.7177271382148
6955,14.7340777816618
6960,14.8828745130377
6965,15.1539666846854
6970,15.5248091098196
6975,15.9603225913594
6980,16.4120479237714
6985,16.8205401796343
6990,17.1262082013986
6995,17.2866171082304
7000,17.2898619666291
7005,17.1538428653328
7010,16.9113507142018
7015,16.5914331438746
7020,16.2090147844622
7025,15.7666773750757
7030,15.2640692785277
7035,14.7073277290691
7040,14.1141410929142
7045,13.5135602918642
7050,12.9391824477009
7055,12.4186569057727
7060,11.9676494592742
7065,11.5905120300246
7070,11.2823880595031
7075,11.0294028870649
7080,10.8089206831329
7085,10.5935038402704
7090,10.3577635357994
7095,10.0830214168549
7100,9.75883893705944
7105,9.38430843403268
7110,8.96875828975474
7115,8.52985981248929
7120,8.09002956007475
7125,7.67321750896715
7130,7.30096862688585
7135,6.9865334728011
7140,6.73154677747068
7145,6.52729211009976
7150,6.35671061854434
7155,6.19505551855959
7160,6.01387755891617
7165,5.7909709258718
7170,5.51852355993606
7175,5.20333635403623
7180,4.86161235985921
7185,4.5114507009392
7190,4.16474928606552
7195,3.82140866476302
7200,3.46952206181748
7205,3.09227126069635
7210,2.67730850150911
7215,2.22394486989481
7220,1.74530116284852
7225,1.26485442584957
7230,0.808487331834074
7235,0.394470906211197
7240,0.0263994925994637
7245,-0.306976493778923
7250,-0.626236405156019
7255,-0.954377007843365
7260,-1.31103378809946
7265,-1.70779508686824
7270,-2.14593381629028
7275,-2.61878756682548
7280,-3.11443622035851
7285,-3.61525413924526
7290,-4.10054150680675
7295,-4.55455678096359
7300,-4.97247129102366
7305,-5.35837712267508
7310,-5.72000513405899
7315,-6.06601170549105
7320,-6.40407636119876
7325,-6.73833268536723
7330,-7.06948306268785
7335,-7.39820146009851
7340,-7.72623923941658
7345,-8.05297190330749
7350,-8.37360434598907
7355,-8.68296722743936
7360,-8.98049810444158
7365,-9.27094929696879
7370,-9.56051727370551
7375,-9.85100635362188
7380,-10.1345018083579
7385,-10.3933038028657
7390,-10.6075828942465
7395,-10.7668611972974
7400,-10.8771815045654
7405,-10.9599578764113
7410,-11.044674474366
7415,-11.1590976451801
7420,-11.3216696141647
7425,-11.53833461163
7430,-11.8029233110664
7435,-12.0996912238317
7440,-12.4066276542324
7445,-12.6992217703976
7450,-12.9551307526973
7455,-13.1589340134712
7460,-13.3050985187759
7465,-13.3977453818037
7470,-13.4478697818076
7475,-13.4701550862126
7480,-13.4807991873664
7485,-13.4955860538703
7490,-13.5282954183462
7495,-13.5897491295101
7500,-13.6860410810797
7505,-13.8156219154895
7510,-13.9672995856712
7515,-14.1214789794665
7520,-14.254455021329
7525,-14.3425764731752
7530,-14.3656165844456
7535,-14.3111741328754
7540,-14.1779233381177
7545,-13.9739245462524
7550,-13.7112809854595
7555,-13.4008281384682
7560,-13.049472963631
7565,-12.6610294971468
7570,-12.2376657132558
7575,-11.7790520298164
7580,-11.2829169819002
7585,-10.7486875698899
7590,-10.1787553059785
7595,-9.5763151388324
7600,-8.94551538527234
7605,-8.29458012917681
7610,-7.63573368201093
7615,-6.97996994402295
7620,-6.3340577044289
7625,-5.70325458444058
7630,-5.09232158097663
7635,-4.50104247887885
7640,-3.92134879401307
7645,-3.34110488135433
7650,-2.75050580864926
7655,-2.14566706011837
7660,-1.53020835694201
7665,-0.915978786584686
7670,-0.319444481295449
7675,0.247680165025127
7680,0.786671076126993
7685,1.31162909816887
7690,1.84209319660076
7695,2.39424587111264
7700,2.97403122871518
7705,3.57431230502798
7710,4.17876534260181
7715,4.77115007830306
7720,5.34335450698785
7725,5.89650852534214
7730,6.43712203051639
7735,6.97305951837505
7740,7.50950117949978
7745,8.04459402077806
7750,8.56919963498476
7755,9.07350234400075
7760,9.55434094486536
7765,10.0176683937585
7770,10.478780778582
7775,10.9612565829803
7780,11.4900396157365
7785,12.0795384113951
7790,12.7255407876338
7795,13.4059969914795
7800,14.0870825990015
7805,14.731344552877
7810,15.3084886215052
7815,15.805079168639
7820,16.2256839931876
7825,16.5841111540775
7830,16.8934102909497
7835,17.1629352144816
7840,17.3994654292743
7845,17.6068145723881
7850,17.7846478854772
7855,17.9301672645284
7860,18.041001345278
7865,18.1155962129237
7870,18.1520736953883
7875,18.1487175715674
7880,18.1067264813903
7885,18.0323298018204
7890,17.9361205496852
7895,17.8305986617489
7900,17.7269933744078
7905,17.6324897326502
7910,17.5502967708246
7915,17.4819485684899
7920,17.4295989984771
7925,17.3977071639956
7930,17.3922260506793
7935,17.4160257862124
7940,17.4641508790292
7945,17.5230237931839
7950,17.5741701127897
7955,17.6003530561841
7960,17.5914860361468
7965,17.5481468938921
7970,17.4805759784406
7975,17.403042808692
7980,17.3279067603122
7985,17.2633004090909
7990,17.2133345094788
7995,17.1790820905118
8000,17.1584222775756
8005,17.1442915292474
8010,17.1249819694561
8015,17.0890588530069
8020,17.0318024387854
8025,16.9580393799849
8030,16.8799362797072
8035,16.8118945275844
8040,16.765742979383
8045,16.7472422545386
8050,16.7537897804019
8055,16.7752427448701
8060,16.7988478159682
8065,16.8157572109578
8070,16.8251456408076
8075,16.8338930603775
8080,16.8527206150613
8085,16.8909891088837
8090,16.9522125787338
8095,17.0327828838567
8100,17.1240427034984
8105,17.2153856851323
8110,17.2963213373016
8115,17.3571584140761
8120,17.3878282309972
8125,17.3761683977057
8130,17.3079413356048
8135,17.1683369433055
8140,16.9441667700593
8145,16.6273434292027
8150,16.2205560803428
8155,15.7449148407778
8160,15.2463994122892
8165,14.7966718954918
8170,14.4830190812516
8175,14.386516945153
8180,14.5579234339824
8185,15.0027690998719
8190,15.6817578699562
8195,16.5233423262619
8200,17.4379986299172
8205,18.3289288173049
8210,19.1042403999721
8215,19.6961387142169
8220,20.0788662575686
8225,20.27039678805
8230,20.3149858143301
8235,20.2581110177031
8240,20.1285082331661
8245,19.9344158291343
8250,19.6715375667263
8255,19.3369895932516
8260,18.943092438779
8265,18.522424645579
8270,18.1179925503718
8275,17.7650151837702
8280,17.4786790285666
8285,17.2533277056591
8290,17.0673381783291
8295,16.8891250436381
8300,16.6840093420023
8305,16.4205024194133
8310,16.0749005706225
8315,15.6366415154519
8320,15.1147185567783
8325,14.5400635761481
8330,13.9573937083494
8335,13.407661055355
8340,12.9119822012547
8345,12.465873698078
8350,12.0441865544406
8355,11.6127338699187
8360,11.142673497189
8365,10.6223996365991
8370,10.0610499438905
8375,9.48318848501197
8380,8.92072853200604
8385,8.40657004712275
8390,7.9680554784781
8395,7.6186061630489
8400,7.35166577756131
8405,7.14164252923411
8410,6.95106061646573
8415,6.74098258351788
8420,6.48189915197037
8425,6.161810323272
8430,5.78777295853859
8435,5.37915056432358
8440,4.95798093054209
8445,4.54322363383272
8450,4.14848933291998
8455,3.78121295542633
8460,3.44355654026163
8465,3.13458090227558
8470,2.85064641859968
8475,2.58172487236622
8480,2.30935623027109
8485,2.01265123287999
8490,1.67757253495764
8495,1.30173219182303
8500,0.894427780349157
8505,0.473405090812806
8510,0.0577933236653477
8515,-0.340952007595451
8520,-0.722586193917783
8525,-1.09198845852957
8530,-1.45019517292039
8535,-1.79078314709488
8540,-2.10134870379306
8545,-2.3675851276644
8550,-2.57936269348092
8555,-2.7369351570936
8560,-2.85364739528524
8565,-2.95411529023611
8570,-3.06979399886099
8575,-3.23182590303318
8580,-3.46053542696257
8585,-3.7565240462957
8590,-4.10098100604882
8595,-4.46569539451566
8600,-4.82487144105899
8605,-5.16217044129948
8610,-5.47329196983168
8615,-5.76599801100301
8620,-6.05549951786098
8625,-6.35613552854972
8630,-6.67625900578703
8635,-7.01847558974233
8640,-7.38008748513396
8645,-7.75262715310662
8650,-8.12368865712931
8655,-8.48179198333324
8660,-8.82086803008485
8665,-9.14068221911639
8670,-9.44438043364205
8675,-9.73606221858399
8680,-10.0192722043456
8685,-10.2960095855116
8690,-10.5663571124032
8695,-10.8300581745483
8700,-11.0886231119961
8705,-11.3446248825729
8710,-11.5996123687137
8715,-11.8532649718109
8720,-12.1035307840589
8725,-12.3470995972602
8730,-12.5806577116025
8735,-12.8031380846391
8740,-13.0167031849696
8745,-13.2256874883199
8750,-13.4353432807208
8755,-13.6500514032104
8760,-13.8701936753861
8765,-14.0899603979582
8770,-14.2983443979794
8775,-14.4831374507338
8780,-14.6349031564896
8785,-14.749139426921
8790,-14.8256716214615
8795,-14.8658523348735
8800,-14.869500007466
8805,-14.832478933842
8810,-14.7472034996581
8815,-14.6056557293369
8820,-14.4029759682488
8825,-14.1404504081587
8830,-13.826061693012
8835,-13.4707739642876
8840,-13.0821241048818
8845,-12.659961154112
8850,-12.195670011324
8855,-11.6742543741449
8860,-11.0809768986097
8865,-10.4114497901206
8870,-9.67807239883509
8875,-8.90844907955
8880,-8.13927559121168
8885,-7.40922284298519
8890,-6.74938951273439
8895,-6.17259565064235
8900,-5.66989558991013
8905,-5.21750834477576
8910,-4.78638333756482
8915,-4.34760428269192
8920,-3.87618077351924
8925,-3.35544664742084
8930,-2.7786058923198
8935,-2.1470724411635
8940,-1.4688155177141
8945,-0.757208868561821
8950,-0.0281772232795648
8955,0.705154218539957
8960,1.43607485801593
8965,2.16230996217727
8970,2.88254421461468
8975,3.59589836430413
8980,4.30102488846526
8985,4.99338258020194
8990,5.66594795927776
8995,6.31586840793169
9000,6.94893655934805
9005,7.57443415456791
9010,8.19817259552147
9015,8.82222379044391
9020,9.44616142927871
9025,10.0660549904248
9030,10.6767993948299
9035,11.2780600024643
9040,11.8758608801356
9045,12.4769646051306
9050,13.08386122759
9055,13.6949727571794
9060,14.3048514790147
9065,14.9025859591832
9070,15.4741492827655
9075,16.0096707536967
9080,16.5086715689589
9085,16.9792142073377
9090,17.4339140268681
9095,17.886795260757
9100,18.3492959896026
9105,18.8231363114821
9110,19.2958627771615
9115,19.7437006016656
9120,20.1379640316796
9125,20.4509402672628
9130,20.6621620635664
9135,20.7653263317149
9140,20.7716871474627
9145,20.7068191686991
9150,20.6020859221128
9155,20.4837809509356
9160,20.3646590909366
9165,20.2424491026237
9170,20.1046334303879
9175,19.9347493846161
9180,19.7188733579351
9185,19.4510448940905
9190,19.1343018492356
9195,18.7775385018427
9200,18.3929799462321
9205,17.9961627893356
9210,17.6044263770102
9215,17.2319195289008
9220,16.8853343037686
9225,16.5631183853443
9230,16.2574049217737
9235,15.9578755222122
9240,15.6573859522489
9245,15.3579477284258
9250,15.072771235314
9255,14.8218927261171
9260,14.6242321550795
9265,14.4909344826121
9270,14.4226510786243
9275,14.4105085414789
9280,14.4402052585031
9285,14.4981593278663
9290,14.5764276808365
9295,14.6737395759695
9300,14.7933149571137
9305,14.9400146157236
9310,15.1171904583605
9315,15.3219529884004
9320,15.5401248413819
9325,15.7440900812598
9330,15.8966870104573
9335,15.9619478383925
9340,15.9178499149523
9345,15.7652572616582
9350,15.5290095095505
9355,15.2521590569838
9360,14.9893505583964
9365,14.8009732389817
9370,14.744570783638
9375,14.861562210491
9380,15.1639548648974
9385,15.6274860228376
9390,16.1945702462855
9395,16.7872808101317
9400,17.3232663149719
9405,17.7279182454165
9410,17.9433999539668
9415,17.9379547654223
9420,17.7130994082842
9425,17.3016719329598
9430,16.7558304276749
9435,16.1313022778631
9440,15.47628951448
9445,14.8277868230137
9450,14.2115863855334
9455,13.6429862248306
9460,13.1291934386612
9465,12.6734544048194
9470,12.2771492735646
9475,11.9371412918094
9480,11.6428545841362
9485,11.3788126956535
9490,11.130492630965
9495,10.8883103236762
9500,10.6489808291672
9505,10.4154087318371
9510,10.1948168625604
9515,9.99443890005456
9520,9.81760811629126
9525,9.66397516670819
9530,9.53155769245789
9535,9.41703704608845
9540,9.31453443537371
9545,9.21428212554761
9550,9.10159352754783
9555,8.95670246474019
9560,8.75766763205249
9565,8.48791637463613
9570,8.14363042634617
9575,7.73563844300095
9580,7.28668859041448
9585,6.82596572847784
9590,6.38078800318167
9595,5.96668314313168
9600,5.58184001881465
9605,5.21085485431166
9610,4.83452309080983
9615,4.43939336183869
9620,4.02463471194943
9625,3.60389975473659
9630,3.19789095606266
9635,2.82099797783691
9640,2.47253170279763
9645,2.13840685699773
9650,1.79986525308127
9655,1.44288882643745
9660,1.06643689777531
9665,0.686660217080238
9670,0.330892709603427
9675,0.0227198361503655
9680,-0.231577190762745
9685,-0.44549693943669
9690,-0.642926454385368
9695,-0.843715335033171
9700,-1.05293236399767
9705,-1.25976805947765
9710,-1.44628261620762
9715,-1.60019626958143
9720,-1.7232927543824
9725,-1.83133840999957
9730,-1.94652042451249
9735,-2.08750122132088
9740,-2.26123228336374
9745,-2.45928360440343
9750,-2.66208654464989
9755,-2.85106774581607
9760,-3.02156462032784
9765,-3.18705612673744
9770,-3.3732666345759
9775,-3.60840396844545
9780,-3.91458195630887
9785,-4.30213066063891
9790,-4.76757724163433
9795,-5.29565107052463
9800,-5.86223237993097
9805,-6.4356917952515
9810,-6.98092471981094
9815,-7.46847003407527
9820,-7.88199429844161
9825,-8.21890614361628
9830,-8.48754813134615
9835,-8.70499822573439
9840,-8.8933038006182
9845,-9.0730703640291
9850,-9.25876421065571
9855,-9.45787549121781
9860,-9.6719274325754
9865,-9.89723398266516
9870,-10.1264708764509
9875,-10.3517478838893
9880,-10.5671134607038
9885,-10.7697205953602
9890,-10.9600103751872
9895,-11.1405816819076
9900,-11.3128688403342
9905,-11.4737448730371
9910,-11.6157862703655
9915,-11.7312055234378
9920,-11.8158957022265
9925,-11.870874320257
9930,-11.9018421549809
9935,-11.9178215431001
9940,-11.9288791165115
9945,-11.9431347744725
9950,-11.9640607313899
9955,-11.9887138621929
9960,-12.0083607601804
9965,-12.0115580198436
9970,-11.988011563571
9975,-11.9310540329414
9980,-11.8380545179081
9985,-11.7103562495701
9990,-11.5521348175792
9995,-11.3674009796401
10000,-11.1577922009095
10005,-10.9220659828825
10010,-10.6556380983098
10015,-10.3505376300287
10020,-9.99820919570228
10025,-9.59465861867884
10030,-9.14281005839966
10035,-8.64997916565095
10040,-8.12574293054385
10045,-7.58206547984073
10050,-7.03159833406
10055,-6.48329557265229
10060,-5.94085643622402
10065,-5.40645191772894
10070,-4.883458326618
10075,-4.37373291735264
10080,-3.87419911555703
10085,-3.37681384061877
10090,-2.86938408101379
10095,-2.33701651603596
10100,-1.76713488780445
10105,-1.15597423772843
10110,-0.510431105342858
10115,0.157005860366399
10120,0.834167845835277
10125,1.51048728031407
10130,2.17701278913369
10135,2.82839459607064
10140,3.462777439786
10145,4.07805912590319
10150,4.67109488749257
10155,5.2424546756556
10160,5.79978366100461
10165,6.35524542283926
10170,6.92154384294492
10175,7.51069798089929
10180,8.13125048575286
10185,8.7822603904448
10190,9.45100738329485
10195,10.1192492059155
10200,10.7715000958858
10205,11.3971391789066
10210,11.9888253525338
10215,12.5437117828115
10220,13.0653996372432
10225,13.562573319987
10230,14.0468605644206
10235,14.5328076405454
10240,15.0357481203572
10245,15.5648256359189
10250,16.1178459959836
10255,16.6838605511938
10260,17.2491050421882
10265,17.800969919148
10270,18.3298656367171
10275,18.829574617266
10280,19.2943797474152
10285,19.7136732738798
10290,20.0706478411233
10295,20.3487255512048
10300,20.540455143
10305,20.6511953716385
10310,20.6958459060436
10315,20.6929126573161
10320,20.6588527185648
10325,20.6039014512267
10330,20.5302426880471
10335,20.433119657985
10340,20.3049068665846
10345,20.1393832122818
10350,19.9342127282053
10355,19.6922508285923
10360,19.4219612578876
10365,19.1357803800617
10370,18.8449191373245
10375,18.5528673342579
10380,18.2532191653714
10385,17.9338140650237
10390,17.5848925615124
10395,17.2060980188217
10400,16.8087732686472
10405,16.4134010507493
10410,16.0420900600598
10415,15.7094510759116
10420,15.4188955069108
10425,15.1675038710714
10430,14.9540409637348
10435,14.7824166902765
10440,14.6598578196595
10445,14.5931077738662
10450,14.5854340353808
10455,14.6349441825721
10460,14.7340056989742
10465,14.8706178049788
10470,15.0303389626528
10475,15.1970208458148
10480,15.3529479954608
10485,15.4807216260399
10490,15.5680264574807
10495,15.6114925537524
10500,15.6154485485144
10505,15.5880454189803
10510,15.5399846666719
10515,15.4858895693895
10520,15.4447016457998
10525,15.4376454393028
10530,15.4840854613413
10535,15.5959156086622
10540,15.7734172808683
10545,16.0051720357686
10550,16.272881848761
10555,16.5577894269382
10560,16.8415573456143
10565,17.1008598330133
10570,17.3042173851129
10575,17.4167210123249
10580,17.4090292999629
10585,17.2651070202369
10590,16.9862019931801
10595,16.5913620721666
10600,16.1157800833491
10605,15.604543721572
10610,15.101069092527
10615,14.6348272240627
10620,14.2172142202617
10625,13.8481109978365
10630,13.524498312366
10635,13.2433839533998
10640,12.9996649724033
10645,12.7836156234379
10650,12.58138645855
10655,12.3779378953698
10660,12.1607139715843
10665,11.9219625357848
10670,11.6577395353975
10675,11.3653932505938
10680,11.0438523253413
10685,10.6956958518414
10690,10.3266702569754
10695,9.94276804306689
10700,9.54875124732082
10705,9.14888839909383
10710,8.74630205282437
10715,8.34000191642336
10720,7.92488263439551
10725,7.49646700677301
10730,7.0546645383696
10735,6.60302989124018
10740,6.14648047918846
10745,5.69107774737275
10750,5.24303094463808
10755,4.80421455029954
10760,4.37038747850865
10765,3.93633974409381
10770,3.50151080852586
10775,3.07006425069926
10780,2.64725300793406
10785,2.23595115687993
10790,1.83349289464385
10795,1.43021913118898
10800,1.01428134759644
10805,0.580826236936005
10810,0.137071228995305
10815,-0.302425219889073
10820,-0.724634872150758
10825,-1.12234655949493
10830,-1.49396265313019
10835,-1.84287461537893
10840,-2.17739213168493
10845,-2.5086137370252
10850,-2.8464828494833
10855,-3.19654938116045
10860,-3.55714317237018
10865,-3.91769049448738
10870,-4.26098129190898
10875,-4.56985780616304
10880,-4.8346951510333
10885,-5.05846132135441
10890,-5.25879264036672
10895,-5.46592215026318
10900,-5.71492668414623
10905,-6.03398717464703
10910,-6.43372338197056
10915,-6.90222170801232
10920,-7.40798168295021
10925,-7.91046027073962
10930,-8.37416213819587
10935,-8.77989971418063
10940,-9.12800008255832
10945,-9.43354857340917
10950,-9.7186907227607
10955,-10.0039986153275
10960,-10.2985177638075
10965,-10.5937523243986
10970,-10.8676960832718
10975,-11.095774416701
10980,-11.2598525595496
10985,-11.3515757453817
10990,-11.3728660767993
10995,-11.3351806733566
11000,-11.256688027677
11005,-11.15753177892
11010,-11.0562037437578
11015,-10.9688489989919
11020,-10.9081928159034
11025,-10.8797387461215
11030,-10.8781513188052
11035,-10.8881592978463
11040,-10.8907781209644
11045,-10.8720472220995
11050,-10.8292055619456
11055,-10.771896546199
11060,-10.7192899255351
11065,-10.6937227849008
11070,-10.7123477464763
11075,-10.7802415238858
11080,-10.8892345836256
11085,-11.0225076492376
11090,-11.1598230723767
11095,-11.2803277094576
11100,-11.3641955095236
11105,-11.3941183635412
11110,-11.3562108297245
11115,-11.2409042637446
11120,-11.0458184475478
11125,-10.7794215577126
11130,-10.4593401246265
11135,-10.102734122337
11140,-9.71598987555181
11145,-9.29156308494112
11150,-8.8128926334996
11155,-8.2634624809015
11160,-7.63675495989868
11165,-6.94311917567066
11170,-6.20671860237244
11175,-5.45344752617647
11180,-4.7021567155012
11185,-3.96614757949901
11190,-3.2574207233832
11195,-2.58529428209303
11200,-1.95272584397537
11205,-1.3566908728578
11210,-0.790533062805444
11215,-0.244805428149506
11220,0.290529738987292
11225,0.822041336886169
11230,1.35245739881919
11235,1.88525116228522
11240,2.42748310808295
11245,2.98678577726605
11250,3.56737424852773
11255,4.1695824178176
11260,4.78958609403712
11265,5.41805631554095
11270,6.04304026454137
11275,6.65781048328293
11280,7.26581432440783
11285,7.87693957427532
11290,8.49973786768514
11295,9.13685455957347
11300,9.7825601494821
11305,10.4217674469531
11310,11.0349451943342
11315,11.6093395380766
11320,12.1482159022587
11325,12.6691063152733
11330,13.1926647990382
11335,13.7306108357807
11340,14.2791645481832
11345,14.8201530977029
11350,15.3302944255579
11355,15.7949819802231
11360,16.2166098768349
11365,16.6112813081159
11370,16.9982744415261
11375,17.3907543710268
11380,17.790407239992
11385,18.1851449196417
11390,18.5520820461008
11395,18.866386979319
11400,19.1106625784008
11405,19.2790226501942
11410,19.3751917047902
11415,19.4070837812066
11420,19.3807433917961
11425,19.2969826910306
11430,19.1515687280308
11435,18.9371071130924
11440,18.6467622871761
11445,18.2792166846098
11450,17.8409909260671
11455,17.3445664754705
11460,16.806606893861
11465,16.2488877751553
11470,15.6966332885561
11475,15.1707835820786
11480,14.6809608628436
11485,14.2253486968114
11490,13.7962040772101
11495,13.3860186336692
11500,12.9926190864478
11505,12.6232281382838
11510,12.293736955972
11515,12.0215548065309
11520,11.8168328276441
11525,11.6793992484995
11530,11.603235477674
11535,11.5832735677394
11540,11.6196688741896
11545,11.7175861858059
11550,11.8837520151731
11555,12.1220081391631
11560,12.4284901578322
11565,12.7873214597096
11570,13.1710523825163
11575,13.5485292649001
11580,13.8956090367895
11585,14.2010423568815
11590,14.4650220909591
11595,14.6929668347166
11600,14.887303360952
11605,15.0396525081392
11610,15.1272732544634
11615,15.1168596168068
11620,14.9757508257799
11625,14.6864407624687
11630,14.2577686550628
11635,13.7296357109318
11640,13.1720749685855
11645,12.6765099149598
11650,12.3352396620093
11655,12.2129772549655
11660,12.3259649694236
11665,12.6409178480051
11670,13.0911288286061
11675,13.5983471989372
11680,14.0887258027227
11685,14.4998863661513
11690,14.7850161423669
11695,14.917182122418
11700,14.8910950056493
11705,14.7206580237299
11710,14.4325208059311
11715,14.0575110749952
11720,13.6243333688573
11725,13.1580543747685
11730,12.6808223351173
11735,12.2105576176833
11740,11.7586505792619
11745,11.3308480091945
11750,10.9302288507357
11755,10.5587135389083
11760,10.2174710659585
11765,9.90721653928381
11770,9.62768022420571
11775,9.37598242004248
11780,9.14493044271286
11785,8.92253195523025
11790,8.69343737405825
11795,8.4429703498517
11800,8.16307927255267
11805,7.85622566515727
11810,7.53308783420278
11815,7.20520915914674
11820,6.8793497008855
11825,6.55667050821501
11830,6.23355968244446
11835,5.90270772867207
11840,5.55628671324147
11845,5.19073698611456
11850,4.80782476632486
11855,4.40961639394584
11860,3.99391684517369
11865,3.55551916025304
11870,3.09038102075091
11875,2.59921842175387
11880,2.09123253118035
11885,1.5867037267248
11890,1.11360535123529
11895,0.696809443435967
11900,0.346226472795264
11905,0.0514930780381794
11910,-0.213833676053847
11915,-0.481779835042325
11920,-0.777354888657282
11925,-1.1090482608165
11930,-1.46858455630787
11935,-1.84023903927486
11940,-2.2113146355989
11945,-2.57640251363162
11950,-2.93644084727205
11955,-3.2966559023049
11960,-3.66414594375192
11965,-4.04487701598311
11970,-4.44165715365182
11975,-4.85415050260021
11980,-5.27845667318447
11985,-5.70631428318432
11990,-6.12864122122778
11995,-6.54261324743562
12000,-6.95476092805179
12005,-7.37595084440102
12010,-7.81307500885038
12015,-8.26365843896856
12020,-8.71359597216881
12025,-9.13822077996114
12030,-9.50880686061305
12035,-9.80475816642346
12040,-10.0243294592671
12045,-10.1861249535014
12050,-10.3219270144809
12055,-10.465417487484
12060,-10.6410250765774
12065,-10.8563566914277
12070,-11.100606618101
12075,-11.3502753927285
12080,-11.5794327811083
12085,-11.7699036316548
12090,-11.9183289281151
12095,-12.0361216017693
12100,-12.1416247561047
12105,-12.249546955411
12110,-12.3650028089107
12115,-12.4843880063589
12120,-12.5986730184401
12125,-12.6956007470522
12130,-12.761507151096
12135,-12.7845019468538
12140,-12.7586783168708
12145,-12.6869418466156
12150,-12.5808228854009
12155,-12.458980837321
12160,-12.3448358156276
12165,-12.2617411595475
12170,-12.2251964777729
12175,-12.2347217424484
12180,-12.2714748963975
12185,-12.3050239248009
12190,-12.3044318278628
12195,-12.2466827121335
12200,-12.1205883666121
12205,-11.9270171514121
12210,-11.6750318589328
12215,-11.3744848856115
12220,-11.0296896209763
12225,-10.6387102344477
12230,-10.1966849075555
12235,-9.69996305799597
12240,-9.15012066816513
12245,-8.55656370840185
12250,-7.93532826977732
12255,-7.30363558713303
12260,-6.67446098169373
12265,-6.05578726908787
12270,-5.45161388899319
12275,-4.86117344929881
12280,-4.28145050315784
12285,-3.71389449540755
12290,-3.16579953839971
12295,-2.64275515079822
12300,-2.14260502661414
12305,-1.65840640734012
12310,-1.18416184778971
12315,-0.715926988125118
12320,-0.249768940904678
12325,0.219912052579803
12330,0.701858341656521
12335,1.20997788219387
12340,1.76256017877242
12345,2.377036858155
12350,3.06450803901146
12355,3.82591497866451
12360,4.64664805774903
12365,5.4917545038999
12370,6.31159265290904
12375,7.05939088321474
12380,7.70692893028526
12385,8.24865583982897
12390,8.69871131618383
12395,9.08691153715805
12400,9.4516902267105
12405,9.82876058057773
12410,10.2421498878427
12415,10.7023309090445
12420,11.2083480360507
12425,11.7501943884425
12430,12.3118997629286
12435,12.8756860971713
12440,13.4247120580453
12445,13.9444572553157
12450,14.4264054461586
12455,14.8732016892112
12460,15.2995169019338
12465,15.7262077936552
12470,16.1724253595733
12475,16.6506133788844
12480,17.1630113959336
12485,17.6974022007637
12490,18.2259259547679
12495,18.7108271482796
12500,19.1141036632319
12505,19.4054805395621
12510,19.5657354068957
12515,19.586371980598
12520,19.4694749103335
12525,19.2288680732575
12530,18.8895179220056
12535,18.4838204470641
12540,18.0457880117492
12545,17.6041374847746
12550,17.1748107507425
12555,16.7552770209049
12560,16.3255112606351
12565,15.8563955256633
12570,15.3217723625678
12575,14.7110750919858
12580,14.0406603582143
12585,13.3568440142277
12590,12.7231244627749
12595,12.1961684320355
12600,11.8062368701045
12605,11.5533339281409
12610,11.4169350622594
12615,11.3695264397618
12620,11.3872005434414
12625,11.4559324733316
12630,11.5723088670126
12635,11.7385186682661
12640,11.9541194006043
12645,12.2105142838574
12650,12.4924843515658
12655,12.784421697712
12660,13.0753317360557
12665,13.3594012484472
12670,13.6331286149769
12675,13.8922770246877
12680,14.1286109749779
12685,14.3264344614345
12690,14.4624267212945
12695,14.5116649933246
12700,14.4582693003886
12705,14.3042504028238
12710,14.0697578407831
12715,13.7844525434393
12720,13.4770727608377
12725,13.1702448783669
12730,12.8805602498129
12735,12.6191844886939
12740,12.3924747844779
12745,12.2038222081936
12750,12.055739270995
12755,11.94982661683
12760,11.8846060979402
12765,11.8544750598191
12770,11.8519302699563
12775,11.8707027567488
12780,11.9062278190364
12785,11.9526921685405
12790,11.9995036862278
12795,12.0301020224985
12800,12.0235447126039
12805,11.9588677144185
12810,11.8214717155792
12815,11.6102907329607
12820,11.3421620461208
12825,11.0469855144483
12830,10.7530685010515
12835,10.4724048466073
12840,10.1965968679888
12845,9.90525811779769
12850,9.57903890834647
12855,9.21075614346768
12860,8.81241393270184
12865,8.41400044474593
12870,8.05178384113292
12875,7.75084970159027
12880,7.51299140043112
12885,7.31723542882694
12890,7.12995875562935
12895,6.91719744276375
12900,6.65345076627003
12905,6.32569596043616
12910,5.9338624725719
12915,5.48914960190441
12920,5.01178623003941
12925,4.52706312947919
12930,4.05773670925446
12935,3.61599975353951
12940,3.20285720467966
12945,2.8148068749248
12950,2.44920592317805
12955,2.10417166230091
12960,1.77688491910052
12965,1.46424581804005
12970,1.16373631488738
12975,0.871765425416282
12980,0.58181189671455
12985,0.285248303944239
12990,-0.0242062848985544
12995,-0.345243514784059
13000,-0.666800380944062
13005,-0.971110445872309
13010,-1.24140753622433
13015,-1.4701229046742
13020,-1.66282687743355
13025,-1.8355080422861
13030,-2.0083057269012
13035,-2.19925128395787
13040,-2.4181206862086
13045,-2.66292757846572
13050,-2.92244311171137
13055,-3.18328540487591
13060,-3.43533372405162
13065,-3.67297129613428
13070,-3.89564841076394
13075,-4.10890471930585
13080,-4.32320349177347
13085,-4.54959108513701
13090,-4.79695512576211
13095,-5.07384490493897
13100,-5.38987654754731
13105,-5.75285727516347
13110,-6.16398702957383
13115,-6.61506136730184
13120,-7.0889167996921
13125,-7.56203835139833
13130,-8.00833628849848
13135,-8.40429096216648
13140,-8.73430970961188
13145,-8.99505603664486
13150,-9.19771361663081
13155,-9.36593236883792
13160,-9.5282268895251
13165,-9.70707746445914
13170,-9.90993924739587
13175,-10.1270669312717
13180,-10.3365010541486
13185,-10.5142144772414
13190,-10.6451523272049
13195,-10.7296832506343
13200,-10.7825970041079
13205,-10.8246852757449
13210,-10.8711921278042
13215,-10.9241623781649
13220,-10.9713997940086
13225,-10.9905805794946
13230,-10.9566743089838
13235,-10.8504384979404
13240,-10.6656599077923
13245,-10.4115951392546
13250,-10.1097163554292
13255,-9.78832970816412
13260,-9.47799225103673
13265,-9.20739601044669
13270,-8.99681926034993
13275,-8.84839323923788
13280,-8.74019010686322
13285,-8.63063936428648
13290,-8.4722393144024
13295,-8.22925763831373
13300,-7.89178747339891
13305,-7.47794034510232
13310,-7.02199002430819
13315,-6.55576193354005
13320,-6.09542929027493
13325,-5.6385772522458
13330,-5.16742381841339
13335,-4.65600909888996
13340,-4.08180559163868
13345,-3.43661515954658
13350,-2.72891910057728
13355,-1.9775501476471
13360,-1.20490857126302
13365,-0.433269926374934
13370,0.320034832650866
13375,1.04943506762031
13380,1.76287785136366
13385,2.47502142905627
13390,3.19849724678541
13395,3.93964916855215
13400,4.69674721472706
13405,5.458881775363
13410,6.2083293519985
13415,6.92737210967092
13420,7.60431654777589
13425,8.23536436117499
13430,8.82540443983834
13435,9.38820254916808
13440,9.94127665681505
13445,10.496611448925
13450,11.056868577294
13455,11.6209400778227
13460,12.1898413253944
13465,12.765812774659
13470,13.3481880381161
13475,13.9318599171546
13480,14.5075278507128
13485,15.0617336190392
13490,15.5795520326421
13495,16.0504521992857
13500,16.4725892869347
13505,16.8522714461966
13510,17.2002516479243
13515,17.5269870790718
13520,17.8376980429072
13525,18.1301277834513
13530,18.3967218176239
13535,18.6287552166913
13540,18.8187024273755
13545,18.960925439662
13550,19.053253405274
13555,19.0987941239598
13560,19.1031480994315
13565,19.0673439735489
13570,18.9842946776048
13575,18.8430597038878
13580,18.6375620329656
13585,18.3725293434781
13590,18.0607767316899
13595,17.7144502299048
13600,17.3398644835154
13605,16.9400061231731
13610,16.5201534462591
13615,16.0911955516382
13620,15.6707066981899
13625,15.2824174892853
13630,14.9518023134224
13635,14.6983693020519
13640,14.5298514021672
13645,14.4410202963795
13650,14.417085630309
13655,14.4395181823501
13660,14.4910412216752
13665,14.5577691259387
13670,14.6288431808436
13675,14.6961519119943
13680,14.7551773706205
13685,14.8049420714027
13690,14.8457985643266
13695,14.8767247893662
13700,14.8951170335624
13705,14.8994874550319
13710,14.8920953362246
13715,14.879725687569
13720,14.8721988187801
13725,14.8779720972414
13730,14.8983543115948
13735,14.9234325648438
13740,14.930873329611
13745,14.8871854773703
13750,14.7513626626338
13755,14.4844226891334
13760,14.0649837491091
13765,13.5022168722473
13770,12.8358248506083
13775,12.1216721289539
13780,11.4133456407386
13785,10.7505630191674
13790,10.1563401223035
13795,9.63997348264701
13800,9.20267347898687
13805,8.84229078101911
13810,8.55374433540411
13815,8.32529351815809
13820,8.13710165984409
13825,7.96489543947525
13830,7.78363968476066
13835,7.56928336517803
13840,7.3018511416316
13845,6.96992596093171
13850,6.57230703904514
13855,6.11447075953771
13860,5.60430994136342
13865,5.05149122749824
13870,4.46880763454784
13875,3.873174822945
13880,3.28623878943631
13885,2.73190114684934
13890,2.22815852556448
13895,1.77765167538631
13900,1.36673242492385
13905,0.975164624334602
13910,0.587519982134982
13915,0.198087168769669
13920,-0.18984110415111
13925,-0.566198744790231
13930,-0.917381999674635
13935,-1.23080611433426
13940,-1.49745403059418
13945,-1.71170945729393
13950,-1.87247170137858
13955,-1.98655947603049
13960,-2.06950301269771
13965,-2.14225058561077
13970,-2.2285190998982
13975,-2.3540360670934
13980,-2.5433643699874
13985,-2.81214445325933
13990,-3.16033823013562
13995,-3.5728069057083
14000,-4.0253957535894
14005,-4.49256195039887
14010,-4.95513865413431
14015,-5.40721568473813
14020,-5.85791102878757
14025,-6.32675151975442
14030,-6.83605423508118
14035,-7.40220131021692
14040,-8.02655091300582
14045,-8.69065711790896
14050,-9.36119565557967
14055,-10.002321713509
14060,-10.586284333896
14065,-11.0969410344004
14070,-11.528496894981
14075,-11.8844053079957
14080,-12.1766655223186
14085,-12.4228989242754
14090,-12.6411058934604
14095,-12.8443520501854
14100,-13.0371987364164
14105,-13.2159249091064
14110,-13.3738614722812
14115,-13.5077994756339
14120,-13.6192224426758
14125,-13.7112926752397
14130,-13.7872370229402
14135,-13.8517307751436
14140,-13.9110062513452
14145,-13.9695749351912
14150,-14.0265183407294
14155,-14.0740322577078
14160,-14.0990628440643
14165,-14.0875796512831
14170,-14.0300753268797
14175,-13.9253141036363
14180,-13.7799326594617
14185,-13.6054830058648
14190,-13.4153956655898
14195,-13.2222053771331
14200,-13.0351801662231
14205,-12.8579702610562
14210,-12.686270362215
14215,-12.5074194732743
14220,-12.3046220568024
14225,-12.0648818864729
14230,-11.7844854746249
14235,-11.4678633937473
14240,-11.1245573635789
14245,-10.7680355832309
14250,-10.4123932711916
14255,-10.0651169395331
14260,-9.72106305157648
14265,-9.36297087533841
14270,-8.96783025604741
14275,-8.5155967623074
14280,-7.99719977128998
14285,-7.41761962360587
14290,-6.79174972456356
14295,-6.13680967567427
14300,-5.46814042359905
14305,-4.79928982244236
14310,-4.1407294839595
14315,-3.49500318356057
14320,-2.85563358228701
14325,-2.21303989260874
14330,-1.55983913920238
14335,-0.890839828145788
14340,-0.203391397740291
14345,0.498906081991177
14350,1.20527302830318
14355,1.90392878439203
14360,2.58813610753905
14365,3.25630291307754
14370,3.90983326467375
14375,4.55249415138506
14380,5.18955755799234
14385,5.82581564336894
14390,6.46504005717506
14395,7.11109165699834
14400,7.76585526549751
14405,8.42540577499399
14410,9.08139763943126
14415,9.72684440570093
14420,10.3575624503062
14425,10.9674436919902
14430,11.5459363278194
14435,12.0815484006753
14440,12.5654385255362
14445,12.9917403094155
14450,13.3588606822867
14455,13.6745298922159
14460,13.9583814922794
14465,14.2365903635417
14470,14.5324168938994
14475,14.859130392678
14480,15.2159396094288
14485,15.5853220325261
14490,15.9340922037726
14495,16.2210906109439
14500,16.4091853442316
14505,16.4767120952389
14510,16.4245364982246
14515,16.2759628534988
14520,16.0683226974589
14525,15.8398587137811
14530,15.6166195578202
14535,15.4034994472098
14540,15.1850407183846
14545,14.9368675971178
14550,14.6399445579893
14555,14.2890115139117
14560,13.8940575782331
14565,13.4767794944301
14570,13.0612236199217
14575,12.6612025365581
14580,12.2741628795174
14585,11.8866837239594
14590,11.4857245878382
14595,11.0685074941779
14600,10.6488592610203
14605,10.2567403405315
14610,9.92807761463061
14615,9.68999886946864
14620,9.55211575544934
14625,9.5073503902762
14630,9.53580841758039
14635,9.60765735236292
14640,9.68686389395202
14645,9.73780950709964
14650,9.73384932855732
14655,9.66512630228631
14660,9.54177090052728
14665,9.38907564165949
14670,9.23746403183021
14675,9.11403689083611
14680,9.03807521470009
14685,9.01847809772574
14690,9.05215461298394
14695,9.12578450060871
14700,9.22098491993386
14705,9.31959087149668
14710,9.40728860078306
14715,9.47545813744107
14720,9.52106695998583
14725,9.54468998986309
14730,9.54649957596052
14735,9.52215637401067
14740,9.46171904818065
14745,9.35337776353731
14750,9.19021021459999
14755,8.97572373587222
14760,8.72647823812326
14765,8.47153056225625
14770,8.24752963822008
14775,8.09046215784888
14780,8.02753450205168
14785,8.07149435742732
14790,8.21866862646017
14795,8.45137959980701
14800,8.74436720285397
14805,9.07271833258164
14810,9.41726627468007
14815,9.76452369225216
14820,10.101667530299
14825,10.4116774524118
14830,10.674332099389
14835,10.8725228934511
14840,10.9981342821528
14845,11.0531717669401
14850,11.0465194353359
14855,10.9908355862563
14860,10.9023814634906
14865,10.800823014444
14870,10.7049357793591
14875,10.6249653760318
14880,10.5581498125159
14885,10.491293222326
14890,10.408052488503
14895,10.2971837563141
14900,10.1577484623501
14905,9.99814041885005
14910,9.82873692397783
14915,9.65317510671638
14920,9.46625446757861
14925,9.26024161824948
14930,9.03289305640005
14935,8.79011997499844
14940,8.54296584479798
14945,8.30243072576072
14950,8.07442595448832
14955,7.85778775491921
14960,7.64637198940903
14965,7.43364787648015
14970,7.21744311471868
14975,7.00243931316697
14980,6.80040298577061
14985,6.62747674156306
14990,6.49788629835527
14995,6.41688486152725
15000,6.37816640889608
15005,6.3670934441486
15010,6.36487823857675
15015,6.35109343491873
15020,6.30686566867279
15025,6.22133493519246
15030,6.09870154110834
15035,5.95901434024613
15040,5.82976564359177
15045,5.73216880366769
15050,5.670565976626
15055,5.63116423660963
15060,5.59069853441385
15065,5.52792074725487
15070,5.42919060395256
15075,5.28862808880047
15080,5.10766774746708
15085,4.89583058972319
15090,4.67136871770205
15095,4.45867567871433
15100,4.28193052822811
15105,4.15728954840885
15110,4.08700308018051
15115,4.05752922765643
15120,4.04286576286024
15125,4.01331427350385
15130,3.94656779118853
15135,3.83673224226814
15140,3.69684031143352
15145,3.55334986737928
15150,3.43498346590425
15155,3.36075262439016
15160,3.33402521258062
15165,3.34487913663918
15170,3.37714607114622
15175,3.41555939841025
15180,3.45009426576737
15185,3.47655138111962
15190,3.4940586338134
15195,3.50118930370594
15200,3.49241057147454
15205,3.45686945963608
15210,3.38087162307739
15215,3.25337193845453
15220,3.07395926237784
15225,2.85959324642999
15230,2.64242522608451
15235,2.45700586075254
15240,2.32442938903503
15245,2.24253394940552
15250,2.18755118396648
15255,2.12708711572709
15260,2.03808591075039
15265,1.919085119272
15270,1.78894066200647
15275,1.67362848673687
15280,1.59122165961597
15285,1.54487888362783
15290,1.52582808610595
15295,1.5214179232821
15300,1.52233248734081
15305,1.52416588652154
15310,1.52278124131892
15315,1.50843176342224
15320,1.46425677176686
15325,1.37012864874442
15330,1.20847586137344
15335,0.96893638076422
15340,0.651696276457172
15345,0.26941979933664
15350,-0.153587641257864
15355,-0.585250674415794
15360,-0.991978528945133
15365,-1.34638446111983
15370,-1.63578335480492
15375,-1.86752822528381
15380,-2.06531463030927
15385,-2.25778973241649
15390,-2.46631578329012
15395,-2.696955238919
15400,-2.93935968276675
15405,-3.17226195946723
15410,-3.37195061205371
15415,-3.51930787537658
15420,-3.60236603383115
15425,-3.61653622104436
15430,-3.5656867389094
15435,-3.46347024213221
15440,-3.33226917197214
15445,-3.19930038728117
15450,-3.09161483931411
15455,-3.030775176296
15460,-3.02799803950458
15465,-3.08149473662834
15470,-3.1781492683618
15475,-3.29904403199784
15480,-3.42556464519558
15485,-3.5439569059283
15490,-3.64721878180803
15495,-3.73464192993368
15500,-3.81072253765605
15505,-3.88376570430182
15510,-3.96282203859261
15515,-4.05368805739369
15520,-4.15694404956706
15525,-4.26998651961516
15530,-4.39114267299508
15535,-4.52098820201629
15540,-4.65795768898157
15545,-4.79268610814114
15550,-4.90811772184477
15555,-4.9874538596929
15560,-5.02416581872454
15565,-5.02630886251101
15570,-5.01273231914289
15575,-5.00368188366565
15580,-5.01138595939438
15585,-5.03551896755883
15590,-5.06575656148278
15595,-5.08919333730557
15600,-5.09638954726352
15605,-5.08307709194181
15610,-5.04861797968826
15615,-4.99413204646635
15620,-4.92224292205937
15625,-4.8375391931093
15630,-4.74669297242244
15635,-4.65707697386309
15640,-4.57454040489153
15645,-4.50206098201418
15650,-4.44094335532041
15655,-4.39418742533668
15660,-4.3679883260488
15665,-4.36924532670898
15670,-4.4013420009535
15675,-4.46178445120638
15680,-4.54276165396054
15685,-4.63355529022304
15690,-4.72387295425429
15695,-4.80634709865172
15700,-4.87670418595603
15705,-4.93165442156346
15710,-4.9672832291089
15715,-4.981079580389
15720,-4.97606197563511
15725,-4.96325008268933
15730,-4.95914367126762
15735,-4.97857038055499
15740,-5.02815449209294
15745,-5.10427342508951
15750,-5.19565013087642
15755,-5.28795251684507
15760,-5.36701613884544
15765,-5.41965930249133
15770,-5.43367933987801
15775,-5.39985044430653
15780,-5.31686121153882
15785,-5.19495306774758
15790,-5.05459316536037
15795,-4.92036427240646
15800,-4.81293929595434
15805,-4.74295434786644
15810,-4.70931144329721
15815,-4.70262273254214
15820,-4.71190353855327
15825,-4.72936124543158
15830,-4.75088545537168
15835,-4.77426885400839
15840,-4.79750284180185
15845,-4.8186143330582
15850,-4.83647012765104
15855,-4.8518215525228
15860,-4.86780096978252
15865,-4.88819137230473
15870,-4.91428823655216
15875,-4.94360476456717
15880,-4.97187410530224
15885,-4.99713852673269
15890,-5.02117824367976
15895,-5.04626932261225
15900,-5.07082789737424
15905,-5.08859443531987
15910,-5.09277340427205
15915,-5.08213722764312
15920,-5.0651068130959
15925,-5.0580689590777
15930,-5.07764001020134
15935,-5.13218031549776
15940,-5.21829282864028
15945,-5.32314816794837
15950,-5.43031174196881
15955,-5.52512358124359
15960,-5.59744011970787
15965,-5.64180487574418
15970,-5.6564030716175
15975,-5.64274572968178
15980,-5.6057015756774
15985,-5.55210071375576
15990,-5.48780323055854
15995,-5.41620905578124
16000,-5.33938283164247
16005,-5.25971362466278
16010,-5.1806304896309
16015,-5.10586081600061
16020,-5.03748732065531
16025,-4.97386448960902
16030,-4.90935740144762
16035,-4.83705810504307
16040,-4.75298674917781
16045,-4.6592019339133
16050,-4.56347414202054
16055,-4.47658242062204
16060,-4.40918766903136
16065,-4.36855966638673
16070,-4.35637572148993
16075,-4.36804297655995
16080,-4.39452403561168
16085,-4.42673909882233
16090,-4.45985820391328
16095,-4.49552461769434
16100,-4.54074267511021
16105,-4.60291213001845
16110,-4.68265497226368
16115,-4.76949173670352
16120,-4.84521652089193
16125,-4.89353535113057
16130,-4.90977460894417
16135,-4.90466268705713
16140,-4.8993762396318
16145,-4.91416439450061
16150,-4.95779790620945
16155,-5.02439273173381
16160,-5.09873783245205
16165,-5.16507621012229
16170,-5.21331730448613
16175,-5.23965272469278
16180,-5.24356815261416
16185,-5.22611012924142
16190,-5.19036104927519
16195,-5.14204784346216
16200,-5.089354758465
16205,-5.04172018681806
16210,-5.00757824195583
16215,-4.99144735398523
16220,-4.99189254307403
16225,-5.00196688947051
16230,-5.01252309530168
16235,-5.01722526501606
16240,-5.0162816566814
16245,-5.01638036974291
16250,-5.02627110326159
16255,-5.04981194792058
16260,-5.08187299417362
16265,-5.11038570461668
16270,-5.12321824111658
16275,-5.11609266761506
16280,-5.0965029066539
16285,-5.08038439335672
16290,-5.08256632319554
16295,-5.10673248292247
16300,-5.14223149973309
16305,-5.17003200784057
16310,-5.17306218190445
16315,-5.14408588565006
16320,-5.08695044013105
16325,-5.0124877503525
16330,-4.93226823266088
16335,-4.85343190472592
16340,-4.77824813397318
16345,-4.70778065914864
16350,-4.64520043733857
16355,-4.59655179644409
16360,-4.56833700694996
16365,-4.56400020896053
16370,-4.58218978592975
16375,-4.6170255882184
16380,-4.66080911701983
16385,-4.70799711450345
16390,-4.75738994161133
16395,-4.81086557004581
16400,-4.87075766143224
16405,-4.93866276145058
16410,-5.01490045644837
16415,-5.0970078019684
16420,-5.17815929082546
16425,-5.24715485774421
16430,-5.29087152655826
16435,-5.29821946856837
16440,-5.26359728794456
16445,-5.18922014108437
16450,-5.08629686625912
16455,-4.97504499600103
16460,-4.88163371442154
16465,-4.83002177046388
16470,-4.83142971924366
16475,-4.87850644141401
16480,-4.94847909896059
16485,-5.01358623646383
16490,-5.0529168993831
16495,-5.06017618579133
16500,-5.04461365235597
16505,-5.02471245501492
16510,-5.0172613435971
16515,-5.02791274590761
16520,-5.04906068141652
16525,-5.06620866878141
16530,-5.0680919639095
16535,-5.05367128341801
16540,-5.03293614940593
16545,-5.02194448278668
16550,-5.03413351422575
16555,-5.07187232424129
16560,-5.12337539433836
16565,-5.16830018363502
16570,-5.1888419823101
16575,-5.17853618037979
16580,-5.14348446025733
16585,-5.09619876969151
16590,-5.04692743681796
16595,-4.99824932855631
16600,-4.94635661081586
16605,-4.88766136412985
16610,-4.82489174307476
16615,-4.76785214411036
16620,-4.72884444700927
16625,-4.71584815799026
16630,-4.72689570523385
16635,-4.74888496836824
16640,-4.76253573073467
16645,-4.75120581511209
16650,-4.70798237715855
16655,-4.63629035915409
16660,-4.54462229547759
16665,-4.43929526164025
16670,-4.32051065048141
16675,-4.18482628193592
16680,-4.03203098699379
16685,-3.87132118590003
16690,-3.72330713028002
16695,-3.61729805367877
16700,-3.58352104047216
16705,-3.64270202140137
16710,-3.7982378085226
16715,-4.03388440205059
16720,-4.31765350753069
16725,-4.6093886732944
16730,-4.86940436389048
16735,-5.06659585475984
16740,-5.18412174554357
16745,-5.22259802491659
16750,-5.19938575601007
16755,-5.14239278053438
16760,-5.08056436827083
16765,-5.03472578399953
16770,-5.0122433651622
16775,-5.00759921007636
16780,-5.00837792058491
16785,-5.0029184717295
16790,-4.98470119246986
16795,-4.95120366068104
16800,-4.90023896263061
16805,-4.82962041811185
16810,-4.74201794923455
16815,-4.65077258078639
16820,-4.58143632450875
16825,-4.56564704916751
16830,-4.62833160031926
16835,-4.7744329844889
16840,-4.98265791577508
16845,-5.21086039229234
16850,-5.41228082886851
16855,-5.5536395326187
16860,-5.62477337156207
16865,-5.63607941804621
16870,-5.60802061344247
16875,-5.56057199674456
16880,-5.50709575859676
16885,-5.45309010410147
16890,-5.39858352845045
16895,-5.34155170120888
16900,-5.28016753607374
16905,-5.21280757548628
16910,-5.13620455454784
16915,-5.04464031950046
16920,-4.93226018174477
16925,-4.79784995735938
16930,-4.64897242821152
16935,-4.50191180853879
16940,-4.37658359391632
16945,-4.28830081277107
16950,-4.24125504424113
16955,-4.22842588286078
16960,-4.23692496387145
16965,-4.25515267419313
16970,-4.27886339477236
16975,-4.31346608036275
16980,-4.37093456456009
16985,-4.46179017842576
16990,-4.58614897089951
16995,-4.73017394424047
17000,-4.87139648156607
17005,-4.98955644656291
17010,-5.07532329360825
17015,-5.13253522532511
17020,-5.17380541778398
17025,-5.21241880099952
17030,-5.25541478389509
17035,-5.30031335042367
17040,-5.33563716293103
17045,-5.3448480487648
17050,-5.31293533917281
17055,-5.23346628526732
17060,-5.11303621468659
17065,-4.97019574933518
17070,-4.82785652873973
17075,-4.70380818896115
17080,-4.60642675307288
17085,-4.53699810811254
17090,-4.49388704334086
17095,-4.47396501615932
17100,-4.47085714073632
17105,-4.4727211341314
17110,-4.4633227934593
17115,-4.42701930643863
17120,-4.35490603209859
17125,-4.24973430746918
17130,-4.12668753367321
17135,-4.00834996915833
17140,-3.91608445034948
17145,-3.8624678372782
17150,-3.84862439308062
17155,-3.86706563138923
17160,-3.9078851528165
17165,-3.96419949384495
17170,-4.03287866264175
17175,-4.11051476109134
17180,-4.18960636186957
17185,-4.25909404420339
17190,-4.30792520859496
17195,-4.32841574836186
17200,-4.31892666894134
17205,-4.28564491816113
17210,-4.24082285314282
17215,-4.19676750179827
17220,-4.15966421250546
17225,-4.1272388664772
17230,-4.09049357282472
17235,-4.03775440025367
17240,-3.95959489007744
17245,-3.85330685806544
17250,-3.72523297179286
17255,-3.58884902757216
17260,-3.45930269483045
17265,-3.34735710700372
17270,-3.25464619692432
17275,-3.17194426008848
17280,-3.08215425675573
17285,-2.96750031635561
17290,-2.81848972678693
17295,-2.63982637067577
17300,-2.44924299391848
17305,-2.27063694777224
17310,-2.12526167425251
17315,-2.02521074569364
17320,-1.97168408993385
17325,-1.95790123414693
17330,-1.97486021967417
17335,-2.01608712302527
17340,-2.07756317989975
17345,-2.15286419909311
17350,-2.22804794054191
17355,-2.28257427577542
17360,-2.29791316368952
17365,-2.26795310723309
17370,-2.20388496057445
17375,-2.12933273043742
17380,-2.06875939741447
17385,-2.03664339735971
17390,-2.03298574599068
17395,-2.04648794882151
17400,-2.06204687685929
17405,-2.06727617159992
17410,-2.05557173360045
17415,-2.02580744387934
17420,-1.98023230521045
17425,-1.92243814727355
17430,-1.85690657288418
17435,-1.79049143842178
17440,-1.73352615481493
17445,-1.69805425593157
17450,-1.69288531040287
17455,-1.71749817829854
17460,-1.75889563928965
17465,-1.79487869384875
17470,-1.80229160576608
17475,-1.76573440797712
17480,-1.68163891854834
17485,-1.55654761276249
17490,-1.4018582903253
17495,-1.22859155594843
17500,-1.04585828292301
17505,-0.862857967267965
17510,-0.691105319475936
17515,-0.544337742207448
17520,-0.435493918786817
17525,-0.37161604945165
17530,-0.348698591329866
17535,-0.349881278819244
17540,-0.349732091578723
17545,-0.323756818180833
17550,-0.258970574503804
17555,-0.160733875878792
17560,-0.0515337124876987
17565,0.0387029021323496
17570,0.0860281235433069
17575,0.0838100299685514
17580,0.0471062697061301
17585,0.0077705451210976
17590,0.0024856786530068
17595,0.0578445505097595
17600,0.177568994676661
17605,0.338109890646406
17610,0.496974485913399
17615,0.609753387717654
17620,0.647209119589264
17625,0.606099616668296
17630,0.509705319309233
17635,0.39816692980323
17640,0.313044483216064
17645,0.282807922935692
17650,0.314848876286043
17655,0.395763774615989
17660,0.49928052543319
17665,0.597539530290157
17670,0.670779375031189
17675,0.712641903724502
17680,0.729103457674373
17685,0.732873874250703
17690,0.736551980121248
17695,0.747689998535742
17700,0.767701523600777
17705,0.794226265687718
17710,0.825240280811113
17715,0.862288895267016
17720,0.910736421453198
17725,0.976658685742334
17730,1.06220840102241
17735,1.16236983136252
17740,1.26484415856267
17745,1.35367015465682
17750,1.41516769307798
17755,1.44407271196651
17760,1.44618461134641
17765,1.43518268144876
17770,1.42644285058572
17775,1.43139629443491
17780,1.45393674923024
17785,1.4899561208363
17790,1.5300144125165
17795,1.56434064099879
17800,1.587806051161
17805,1.60171688224467
17810,1.61142876195721
17815,1.62289595808906
17820,1.64049826315685
17825,1.66551501991646
17830,1.69631939648033
17835,1.73025506206347
17840,1.76568296414854
17845,1.80261620575349
17850,1.8409853747469
17855,1.87710363425675
17860,1.9016670032396
17865,1.90235785415274
17870,1.86956428506121
17875,1.80148674919847
17880,1.70739628047126
17885,1.60751951676735
17890,1.52767512716385
17895,1.48992135279299
17900,1.50276327079772
17905,1.55646961055362
17910,1.62735648635211
17915,1.68785607157312
17920,1.71693817586143
17925,1.70622870876678
17930,1.65862398317323
17935,1.58126386473535
17940,1.47738043139572
17945,1.34346505681951
17950,1.17509194772835
17955,0.976857871506023
17960,0.769167307997922
17965,0.585638417939611
17970,0.460830190352655
17975,0.414253189968772
17980,0.440066367469046
17985,0.508714178014285
17990,0.579083363539964
17995,0.614963076825299
18000,0.598452739327282
18005,0.534272434314419
18010,0.443947191513954
18015,0.353196017254694
18020,0.278740446524923
18025,0.221444582131358
18030,0.16874540970892
18035,0.104588556543384
18040,0.0204307145956442
18045,-0.0794136856863404
18050,-0.181091999045394
18055,-0.271100518779443
18060,-0.344961171785562
18065,-0.408408158386589
18070,-0.471002903434934
18075,-0.537266629131351
18080,-0.601862139500324
18085,-0.652611032705428
18090,-0.680293833832326
18095,-0.689521940564829
18100,-0.703303586046303
18105,-0.758477555027857
18110,-0.894942284703607
18115,-1.1420648100384
18120,-1.50474698828317
18125,-1.95277771350126
18130,-2.41950121070403
